profile,sample_index,timestamp_s,x_mg,y_mg,z_mg,sample_rate_hz,seed,status,animal_measurement
STATIC,0,0.0,-3,-6,1002,12.5,7,SIMULATED,False
STATIC,1,0.08,-7,1,998,12.5,7,SIMULATED,False
STATIC,2,0.16,-7,0,993,12.5,7,SIMULATED,False
STATIC,3,0.24,-1,-7,993,12.5,7,SIMULATED,False
STATIC,4,0.32,-1,5,994,12.5,7,SIMULATED,False
STATIC,5,0.4,-4,2,1007,12.5,7,SIMULATED,False
STATIC,6,0.48,1,-2,1008,12.5,7,SIMULATED,False
STATIC,7,0.56,-7,6,997,12.5,7,SIMULATED,False
STATIC,8,0.64,-6,-6,997,12.5,7,SIMULATED,False
STATIC,9,0.72,5,-5,1001,12.5,7,SIMULATED,False
STATIC,10,0.8,2,-2,1001,12.5,7,SIMULATED,False
STATIC,11,0.88,-7,-7,995,12.5,7,SIMULATED,False
STATIC,12,0.96,3,-1,997,12.5,7,SIMULATED,False
STATIC,13,1.04,1,-1,997,12.5,7,SIMULATED,False
STATIC,14,1.12,5,3,996,12.5,7,SIMULATED,False
STATIC,15,1.2,1,0,1006,12.5,7,SIMULATED,False
STATIC,16,1.28,4,-3,1008,12.5,7,SIMULATED,False
STATIC,17,1.36,-6,-1,1004,12.5,7,SIMULATED,False
STATIC,18,1.44,-6,0,993,12.5,7,SIMULATED,False
STATIC,19,1.52,3,4,1001,12.5,7,SIMULATED,False
STATIC,20,1.6,6,-3,1003,12.5,7,SIMULATED,False
STATIC,21,1.68,2,1,999,12.5,7,SIMULATED,False
STATIC,22,1.76,5,7,1000,12.5,7,SIMULATED,False
STATIC,23,1.84,3,-7,1003,12.5,7,SIMULATED,False
STATIC,24,1.92,2,8,1005,12.5,7,SIMULATED,False
STATIC,25,2.0,-3,-2,1003,12.5,7,SIMULATED,False
STATIC,26,2.08,-8,-1,995,12.5,7,SIMULATED,False
STATIC,27,2.16,-6,-7,1004,12.5,7,SIMULATED,False
STATIC,28,2.24,-6,-4,998,12.5,7,SIMULATED,False
STATIC,29,2.32,6,-7,999,12.5,7,SIMULATED,False
STATIC,30,2.4,1,6,1005,12.5,7,SIMULATED,False
STATIC,31,2.48,6,-4,999,12.5,7,SIMULATED,False
STATIC,32,2.56,-2,6,1007,12.5,7,SIMULATED,False
STATIC,33,2.64,-6,-5,996,12.5,7,SIMULATED,False
STATIC,34,2.72,-4,0,1001,12.5,7,SIMULATED,False
STATIC,35,2.8,-4,-8,999,12.5,7,SIMULATED,False
STATIC,36,2.88,-2,1,1007,12.5,7,SIMULATED,False
STATIC,37,2.96,3,0,1002,12.5,7,SIMULATED,False
STATIC,38,3.04,3,-7,1006,12.5,7,SIMULATED,False
STATIC,39,3.12,4,6,1005,12.5,7,SIMULATED,False
STATIC,40,3.2,-2,-2,994,12.5,7,SIMULATED,False
STATIC,41,3.28,2,-7,993,12.5,7,SIMULATED,False
STATIC,42,3.36,-5,-5,997,12.5,7,SIMULATED,False
STATIC,43,3.44,-7,-8,994,12.5,7,SIMULATED,False
STATIC,44,3.52,-6,-2,992,12.5,7,SIMULATED,False
STATIC,45,3.6,6,2,994,12.5,7,SIMULATED,False
STATIC,46,3.68,-4,-2,998,12.5,7,SIMULATED,False
STATIC,47,3.76,-6,6,1008,12.5,7,SIMULATED,False
STATIC,48,3.84,-1,0,993,12.5,7,SIMULATED,False
STATIC,49,3.92,-6,-3,996,12.5,7,SIMULATED,False
STATIC,50,4.0,5,-5,992,12.5,7,SIMULATED,False
STATIC,51,4.08,7,0,994,12.5,7,SIMULATED,False
STATIC,52,4.16,1,-8,1000,12.5,7,SIMULATED,False
STATIC,53,4.24,8,6,1003,12.5,7,SIMULATED,False
STATIC,54,4.32,-4,-2,995,12.5,7,SIMULATED,False
STATIC,55,4.4,4,1,1004,12.5,7,SIMULATED,False
STATIC,56,4.48,-3,-4,1005,12.5,7,SIMULATED,False
STATIC,57,4.56,8,6,1005,12.5,7,SIMULATED,False
STATIC,58,4.64,5,4,996,12.5,7,SIMULATED,False
STATIC,59,4.72,0,-2,992,12.5,7,SIMULATED,False
STATIC,60,4.8,-8,-4,996,12.5,7,SIMULATED,False
STATIC,61,4.88,3,7,999,12.5,7,SIMULATED,False
STATIC,62,4.96,7,8,1007,12.5,7,SIMULATED,False
STATIC,63,5.04,-2,-4,996,12.5,7,SIMULATED,False
STATIC,64,5.12,-5,-5,1002,12.5,7,SIMULATED,False
STATIC,65,5.2,6,5,1000,12.5,7,SIMULATED,False
STATIC,66,5.28,2,5,993,12.5,7,SIMULATED,False
STATIC,67,5.36,3,7,1005,12.5,7,SIMULATED,False
STATIC,68,5.44,4,0,995,12.5,7,SIMULATED,False
STATIC,69,5.52,5,-3,1005,12.5,7,SIMULATED,False
STATIC,70,5.6,8,-2,998,12.5,7,SIMULATED,False
STATIC,71,5.68,7,4,995,12.5,7,SIMULATED,False
STATIC,72,5.76,-6,-6,1006,12.5,7,SIMULATED,False
STATIC,73,5.84,5,-6,1005,12.5,7,SIMULATED,False
STATIC,74,5.92,8,3,998,12.5,7,SIMULATED,False
STATIC,75,6.0,1,-6,992,12.5,7,SIMULATED,False
STATIC,76,6.08,8,2,1000,12.5,7,SIMULATED,False
STATIC,77,6.16,7,-1,1006,12.5,7,SIMULATED,False
STATIC,78,6.24,5,-5,996,12.5,7,SIMULATED,False
STATIC,79,6.32,-3,-4,1001,12.5,7,SIMULATED,False
STATIC,80,6.4,-4,-1,994,12.5,7,SIMULATED,False
STATIC,81,6.48,7,-2,999,12.5,7,SIMULATED,False
STATIC,82,6.56,1,6,999,12.5,7,SIMULATED,False
STATIC,83,6.64,7,0,1001,12.5,7,SIMULATED,False
STATIC,84,6.72,0,-8,999,12.5,7,SIMULATED,False
STATIC,85,6.8,-5,-8,1005,12.5,7,SIMULATED,False
STATIC,86,6.88,-5,0,1004,12.5,7,SIMULATED,False
STATIC,87,6.96,1,-3,1000,12.5,7,SIMULATED,False
STATIC,88,7.04,1,5,994,12.5,7,SIMULATED,False
STATIC,89,7.12,1,-4,996,12.5,7,SIMULATED,False
STATIC,90,7.2,4,0,1001,12.5,7,SIMULATED,False
STATIC,91,7.28,4,7,999,12.5,7,SIMULATED,False
STATIC,92,7.36,2,0,1000,12.5,7,SIMULATED,False
STATIC,93,7.44,3,-1,1001,12.5,7,SIMULATED,False
STATIC,94,7.52,0,7,1003,12.5,7,SIMULATED,False
STATIC,95,7.6,6,7,996,12.5,7,SIMULATED,False
STATIC,96,7.68,1,7,1005,12.5,7,SIMULATED,False
STATIC,97,7.76,-6,-6,999,12.5,7,SIMULATED,False
STATIC,98,7.84,-7,-4,993,12.5,7,SIMULATED,False
STATIC,99,7.92,3,5,1006,12.5,7,SIMULATED,False
WALK,0,0.0,0,0,1090,12.5,7,SIMULATED,False
WALK,1,0.08,103,22,1066,12.5,7,SIMULATED,False
WALK,2,0.16,150,41,1006,12.5,7,SIMULATED,False
WALK,3,0.24,116,54,943,12.5,7,SIMULATED,False
WALK,4,0.32,19,60,911,12.5,7,SIMULATED,False
WALK,5,0.4,-88,57,927,12.5,7,SIMULATED,False
WALK,6,0.48,-147,46,983,12.5,7,SIMULATED,False
WALK,7,0.56,-127,29,1048,12.5,7,SIMULATED,False
WALK,8,0.64,-37,8,1087,12.5,7,SIMULATED,False
WALK,9,0.72,72,-15,1079,12.5,7,SIMULATED,False
WALK,10,0.8,143,-35,1028,12.5,7,SIMULATED,False
WALK,11,0.88,136,-51,962,12.5,7,SIMULATED,False
WALK,12,0.96,55,-59,916,12.5,7,SIMULATED,False
WALK,13,1.04,-55,-59,916,12.5,7,SIMULATED,False
WALK,14,1.12,-136,-51,962,12.5,7,SIMULATED,False
WALK,15,1.2,-143,-35,1028,12.5,7,SIMULATED,False
WALK,16,1.28,-72,-15,1079,12.5,7,SIMULATED,False
WALK,17,1.36,37,8,1087,12.5,7,SIMULATED,False
WALK,18,1.44,127,29,1048,12.5,7,SIMULATED,False
WALK,19,1.52,147,46,983,12.5,7,SIMULATED,False
WALK,20,1.6,88,57,927,12.5,7,SIMULATED,False
WALK,21,1.68,-19,60,911,12.5,7,SIMULATED,False
WALK,22,1.76,-116,54,943,12.5,7,SIMULATED,False
WALK,23,1.84,-150,41,1006,12.5,7,SIMULATED,False
WALK,24,1.92,-103,22,1066,12.5,7,SIMULATED,False
WALK,25,2.0,0,0,1090,12.5,7,SIMULATED,False
WALK,26,2.08,103,-22,1066,12.5,7,SIMULATED,False
WALK,27,2.16,150,-41,1006,12.5,7,SIMULATED,False
WALK,28,2.24,116,-54,943,12.5,7,SIMULATED,False
WALK,29,2.32,19,-60,911,12.5,7,SIMULATED,False
WALK,30,2.4,-88,-57,927,12.5,7,SIMULATED,False
WALK,31,2.48,-147,-46,983,12.5,7,SIMULATED,False
WALK,32,2.56,-127,-29,1048,12.5,7,SIMULATED,False
WALK,33,2.64,-37,-8,1087,12.5,7,SIMULATED,False
WALK,34,2.72,72,15,1079,12.5,7,SIMULATED,False
WALK,35,2.8,143,35,1028,12.5,7,SIMULATED,False
WALK,36,2.88,136,51,962,12.5,7,SIMULATED,False
WALK,37,2.96,55,59,916,12.5,7,SIMULATED,False
WALK,38,3.04,-55,59,916,12.5,7,SIMULATED,False
WALK,39,3.12,-136,51,962,12.5,7,SIMULATED,False
WALK,40,3.2,-143,35,1028,12.5,7,SIMULATED,False
WALK,41,3.28,-72,15,1079,12.5,7,SIMULATED,False
WALK,42,3.36,37,-8,1087,12.5,7,SIMULATED,False
WALK,43,3.44,127,-29,1048,12.5,7,SIMULATED,False
WALK,44,3.52,147,-46,983,12.5,7,SIMULATED,False
WALK,45,3.6,88,-57,927,12.5,7,SIMULATED,False
WALK,46,3.68,-19,-60,911,12.5,7,SIMULATED,False
WALK,47,3.76,-116,-54,943,12.5,7,SIMULATED,False
WALK,48,3.84,-150,-41,1006,12.5,7,SIMULATED,False
WALK,49,3.92,-103,-22,1066,12.5,7,SIMULATED,False
WALK,50,4.0,0,0,1090,12.5,7,SIMULATED,False
WALK,51,4.08,103,22,1066,12.5,7,SIMULATED,False
WALK,52,4.16,150,41,1006,12.5,7,SIMULATED,False
WALK,53,4.24,116,54,943,12.5,7,SIMULATED,False
WALK,54,4.32,19,60,911,12.5,7,SIMULATED,False
WALK,55,4.4,-88,57,927,12.5,7,SIMULATED,False
WALK,56,4.48,-147,46,983,12.5,7,SIMULATED,False
WALK,57,4.56,-127,29,1048,12.5,7,SIMULATED,False
WALK,58,4.64,-37,8,1087,12.5,7,SIMULATED,False
WALK,59,4.72,72,-15,1079,12.5,7,SIMULATED,False
WALK,60,4.8,143,-35,1028,12.5,7,SIMULATED,False
WALK,61,4.88,136,-51,962,12.5,7,SIMULATED,False
WALK,62,4.96,55,-59,916,12.5,7,SIMULATED,False
WALK,63,5.04,-55,-59,916,12.5,7,SIMULATED,False
WALK,64,5.12,-136,-51,962,12.5,7,SIMULATED,False
WALK,65,5.2,-143,-35,1028,12.5,7,SIMULATED,False
WALK,66,5.28,-72,-15,1079,12.5,7,SIMULATED,False
WALK,67,5.36,37,8,1087,12.5,7,SIMULATED,False
WALK,68,5.44,127,29,1048,12.5,7,SIMULATED,False
WALK,69,5.52,147,46,983,12.5,7,SIMULATED,False
WALK,70,5.6,88,57,927,12.5,7,SIMULATED,False
WALK,71,5.68,-19,60,911,12.5,7,SIMULATED,False
WALK,72,5.76,-116,54,943,12.5,7,SIMULATED,False
WALK,73,5.84,-150,41,1006,12.5,7,SIMULATED,False
WALK,74,5.92,-103,22,1066,12.5,7,SIMULATED,False
WALK,75,6.0,0,0,1090,12.5,7,SIMULATED,False
WALK,76,6.08,103,-22,1066,12.5,7,SIMULATED,False
WALK,77,6.16,150,-41,1006,12.5,7,SIMULATED,False
WALK,78,6.24,116,-54,943,12.5,7,SIMULATED,False
WALK,79,6.32,19,-60,911,12.5,7,SIMULATED,False
WALK,80,6.4,-88,-57,927,12.5,7,SIMULATED,False
WALK,81,6.48,-147,-46,983,12.5,7,SIMULATED,False
WALK,82,6.56,-127,-29,1048,12.5,7,SIMULATED,False
WALK,83,6.64,-37,-8,1087,12.5,7,SIMULATED,False
WALK,84,6.72,72,15,1079,12.5,7,SIMULATED,False
WALK,85,6.8,143,35,1028,12.5,7,SIMULATED,False
WALK,86,6.88,136,51,962,12.5,7,SIMULATED,False
WALK,87,6.96,55,59,916,12.5,7,SIMULATED,False
WALK,88,7.04,-55,59,916,12.5,7,SIMULATED,False
WALK,89,7.12,-136,51,962,12.5,7,SIMULATED,False
WALK,90,7.2,-143,35,1028,12.5,7,SIMULATED,False
WALK,91,7.28,-72,15,1079,12.5,7,SIMULATED,False
WALK,92,7.36,37,-8,1087,12.5,7,SIMULATED,False
WALK,93,7.44,127,-29,1048,12.5,7,SIMULATED,False
WALK,94,7.52,147,-46,983,12.5,7,SIMULATED,False
WALK,95,7.6,88,-57,927,12.5,7,SIMULATED,False
WALK,96,7.68,-19,-60,911,12.5,7,SIMULATED,False
WALK,97,7.76,-116,-54,943,12.5,7,SIMULATED,False
WALK,98,7.84,-150,-41,1006,12.5,7,SIMULATED,False
WALK,99,7.92,-103,-22,1066,12.5,7,SIMULATED,False
RUN,0,0.0,0,0,1280,12.5,7,SIMULATED,False
RUN,1,0.08,419,123,1018,12.5,7,SIMULATED,False
RUN,2,0.16,53,180,722,12.5,7,SIMULATED,False
RUN,3,0.24,-413,139,948,12.5,7,SIMULATED,False
RUN,4,0.32,-104,23,1271,12.5,7,SIMULATED,False
RUN,5,0.4,399,-106,1087,12.5,7,SIMULATED,False
RUN,6,0.48,155,-177,740,12.5,7,SIMULATED,False
RUN,7,0.56,-380,-152,881,12.5,7,SIMULATED,False
RUN,8,0.64,-202,-45,1245,12.5,7,SIMULATED,False
RUN,9,0.72,355,87,1150,12.5,7,SIMULATED,False
RUN,10,0.8,247,171,773,12.5,7,SIMULATED,False
RUN,11,0.88,-324,163,822,12.5,7,SIMULATED,False
RUN,12,0.96,-288,66,1204,12.5,7,SIMULATED,False
RUN,13,1.04,288,-66,1204,12.5,7,SIMULATED,False
RUN,14,1.12,324,-163,822,12.5,7,SIMULATED,False
RUN,15,1.2,-247,-171,773,12.5,7,SIMULATED,False
RUN,16,1.28,-355,-87,1150,12.5,7,SIMULATED,False
RUN,17,1.36,202,45,1245,12.5,7,SIMULATED,False
RUN,18,1.44,380,152,881,12.5,7,SIMULATED,False
RUN,19,1.52,-155,177,740,12.5,7,SIMULATED,False
RUN,20,1.6,-399,106,1087,12.5,7,SIMULATED,False
RUN,21,1.68,104,-23,1271,12.5,7,SIMULATED,False
RUN,22,1.76,413,-139,948,12.5,7,SIMULATED,False
RUN,23,1.84,-53,-180,722,12.5,7,SIMULATED,False
RUN,24,1.92,-419,-123,1018,12.5,7,SIMULATED,False
RUN,25,2.0,0,0,1280,12.5,7,SIMULATED,False
RUN,26,2.08,419,123,1018,12.5,7,SIMULATED,False
RUN,27,2.16,53,180,722,12.5,7,SIMULATED,False
RUN,28,2.24,-413,139,948,12.5,7,SIMULATED,False
RUN,29,2.32,-104,23,1271,12.5,7,SIMULATED,False
RUN,30,2.4,399,-106,1087,12.5,7,SIMULATED,False
RUN,31,2.48,155,-177,740,12.5,7,SIMULATED,False
RUN,32,2.56,-380,-152,881,12.5,7,SIMULATED,False
RUN,33,2.64,-202,-45,1245,12.5,7,SIMULATED,False
RUN,34,2.72,355,87,1150,12.5,7,SIMULATED,False
RUN,35,2.8,247,171,773,12.5,7,SIMULATED,False
RUN,36,2.88,-324,163,822,12.5,7,SIMULATED,False
RUN,37,2.96,-288,66,1204,12.5,7,SIMULATED,False
RUN,38,3.04,288,-66,1204,12.5,7,SIMULATED,False
RUN,39,3.12,324,-163,822,12.5,7,SIMULATED,False
RUN,40,3.2,-247,-171,773,12.5,7,SIMULATED,False
RUN,41,3.28,-355,-87,1150,12.5,7,SIMULATED,False
RUN,42,3.36,202,45,1245,12.5,7,SIMULATED,False
RUN,43,3.44,380,152,881,12.5,7,SIMULATED,False
RUN,44,3.52,-155,177,740,12.5,7,SIMULATED,False
RUN,45,3.6,-399,106,1087,12.5,7,SIMULATED,False
RUN,46,3.68,104,-23,1271,12.5,7,SIMULATED,False
RUN,47,3.76,413,-139,948,12.5,7,SIMULATED,False
RUN,48,3.84,-53,-180,722,12.5,7,SIMULATED,False
RUN,49,3.92,-419,-123,1018,12.5,7,SIMULATED,False
RUN,50,4.0,0,0,1280,12.5,7,SIMULATED,False
RUN,51,4.08,419,123,1018,12.5,7,SIMULATED,False
RUN,52,4.16,53,180,722,12.5,7,SIMULATED,False
RUN,53,4.24,-413,139,948,12.5,7,SIMULATED,False
RUN,54,4.32,-104,23,1271,12.5,7,SIMULATED,False
RUN,55,4.4,399,-106,1087,12.5,7,SIMULATED,False
RUN,56,4.48,155,-177,740,12.5,7,SIMULATED,False
RUN,57,4.56,-380,-152,881,12.5,7,SIMULATED,False
RUN,58,4.64,-202,-45,1245,12.5,7,SIMULATED,False
RUN,59,4.72,355,87,1150,12.5,7,SIMULATED,False
RUN,60,4.8,247,171,773,12.5,7,SIMULATED,False
RUN,61,4.88,-324,163,822,12.5,7,SIMULATED,False
RUN,62,4.96,-288,66,1204,12.5,7,SIMULATED,False
RUN,63,5.04,288,-66,1204,12.5,7,SIMULATED,False
RUN,64,5.12,324,-163,822,12.5,7,SIMULATED,False
RUN,65,5.2,-247,-171,773,12.5,7,SIMULATED,False
RUN,66,5.28,-355,-87,1150,12.5,7,SIMULATED,False
RUN,67,5.36,202,45,1245,12.5,7,SIMULATED,False
RUN,68,5.44,380,152,881,12.5,7,SIMULATED,False
RUN,69,5.52,-155,177,740,12.5,7,SIMULATED,False
RUN,70,5.6,-399,106,1087,12.5,7,SIMULATED,False
RUN,71,5.68,104,-23,1271,12.5,7,SIMULATED,False
RUN,72,5.76,413,-139,948,12.5,7,SIMULATED,False
RUN,73,5.84,-53,-180,722,12.5,7,SIMULATED,False
RUN,74,5.92,-419,-123,1018,12.5,7,SIMULATED,False
RUN,75,6.0,0,0,1280,12.5,7,SIMULATED,False
RUN,76,6.08,419,123,1018,12.5,7,SIMULATED,False
RUN,77,6.16,53,180,722,12.5,7,SIMULATED,False
RUN,78,6.24,-413,139,948,12.5,7,SIMULATED,False
RUN,79,6.32,-104,23,1271,12.5,7,SIMULATED,False
RUN,80,6.4,399,-106,1087,12.5,7,SIMULATED,False
RUN,81,6.48,155,-177,740,12.5,7,SIMULATED,False
RUN,82,6.56,-380,-152,881,12.5,7,SIMULATED,False
RUN,83,6.64,-202,-45,1245,12.5,7,SIMULATED,False
RUN,84,6.72,355,87,1150,12.5,7,SIMULATED,False
RUN,85,6.8,247,171,773,12.5,7,SIMULATED,False
RUN,86,6.88,-324,163,822,12.5,7,SIMULATED,False
RUN,87,6.96,-288,66,1204,12.5,7,SIMULATED,False
RUN,88,7.04,288,-66,1204,12.5,7,SIMULATED,False
RUN,89,7.12,324,-163,822,12.5,7,SIMULATED,False
RUN,90,7.2,-247,-171,773,12.5,7,SIMULATED,False
RUN,91,7.28,-355,-87,1150,12.5,7,SIMULATED,False
RUN,92,7.36,202,45,1245,12.5,7,SIMULATED,False
RUN,93,7.44,380,152,881,12.5,7,SIMULATED,False
RUN,94,7.52,-155,177,740,12.5,7,SIMULATED,False
RUN,95,7.6,-399,106,1087,12.5,7,SIMULATED,False
RUN,96,7.68,104,-23,1271,12.5,7,SIMULATED,False
RUN,97,7.76,413,-139,948,12.5,7,SIMULATED,False
RUN,98,7.84,-53,-180,722,12.5,7,SIMULATED,False
RUN,99,7.92,-419,-123,1018,12.5,7,SIMULATED,False
IMPACT,0,0.0,-8,5,1004,12.5,7,SIMULATED,False
IMPACT,1,0.08,-9,9,1011,12.5,7,SIMULATED,False
IMPACT,2,0.16,-7,11,998,12.5,7,SIMULATED,False
IMPACT,3,0.24,0,12,1008,12.5,7,SIMULATED,False
IMPACT,4,0.32,-8,-2,1000,12.5,7,SIMULATED,False
IMPACT,5,0.4,-4,-7,996,12.5,7,SIMULATED,False
IMPACT,6,0.48,5,-12,1001,12.5,7,SIMULATED,False
IMPACT,7,0.56,-1,-12,996,12.5,7,SIMULATED,False
IMPACT,8,0.64,3,0,990,12.5,7,SIMULATED,False
IMPACT,9,0.72,12,7,1011,12.5,7,SIMULATED,False
IMPACT,10,0.8,-9,-6,989,12.5,7,SIMULATED,False
IMPACT,11,0.88,7,-6,991,12.5,7,SIMULATED,False
IMPACT,12,0.96,-2,10,1008,12.5,7,SIMULATED,False
IMPACT,13,1.04,-6,-8,1010,12.5,7,SIMULATED,False
IMPACT,14,1.12,2,5,990,12.5,7,SIMULATED,False
IMPACT,15,1.2,-11,5,998,12.5,7,SIMULATED,False
IMPACT,16,1.28,-10,11,1003,12.5,7,SIMULATED,False
IMPACT,17,1.36,7,-10,1009,12.5,7,SIMULATED,False
IMPACT,18,1.44,-10,9,999,12.5,7,SIMULATED,False
IMPACT,19,1.52,-4,1,1010,12.5,7,SIMULATED,False
IMPACT,20,1.6,-6,-9,1001,12.5,7,SIMULATED,False
IMPACT,21,1.68,-6,-9,992,12.5,7,SIMULATED,False
IMPACT,22,1.76,-11,-7,995,12.5,7,SIMULATED,False
IMPACT,23,1.84,-5,6,995,12.5,7,SIMULATED,False
IMPACT,24,1.92,0,-8,996,12.5,7,SIMULATED,False
IMPACT,25,2.0,-12,-6,988,12.5,7,SIMULATED,False
IMPACT,26,2.08,6,1,993,12.5,7,SIMULATED,False
IMPACT,27,2.16,-1,10,991,12.5,7,SIMULATED,False
IMPACT,28,2.24,8,-2,1000,12.5,7,SIMULATED,False
IMPACT,29,2.32,8,-3,1000,12.5,7,SIMULATED,False
IMPACT,30,2.4,5,12,996,12.5,7,SIMULATED,False
IMPACT,31,2.48,8,5,1003,12.5,7,SIMULATED,False
IMPACT,32,2.56,-2,-4,989,12.5,7,SIMULATED,False
IMPACT,33,2.64,-9,-10,1006,12.5,7,SIMULATED,False
IMPACT,34,2.72,-6,-8,990,12.5,7,SIMULATED,False
IMPACT,35,2.8,8,9,1004,12.5,7,SIMULATED,False
IMPACT,36,2.88,-5,-6,995,12.5,7,SIMULATED,False
IMPACT,37,2.96,-1,-8,999,12.5,7,SIMULATED,False
IMPACT,38,3.04,-6,11,1011,12.5,7,SIMULATED,False
IMPACT,39,3.12,1,-6,1011,12.5,7,SIMULATED,False
IMPACT,40,3.2,-5,-3,988,12.5,7,SIMULATED,False
IMPACT,41,3.28,-3,-1,1000,12.5,7,SIMULATED,False
IMPACT,42,3.36,-7,0,988,12.5,7,SIMULATED,False
IMPACT,43,3.44,-6,-10,998,12.5,7,SIMULATED,False
IMPACT,44,3.52,-11,-11,995,12.5,7,SIMULATED,False
IMPACT,45,3.6,-6,2,1001,12.5,7,SIMULATED,False
IMPACT,46,3.68,6,4,1005,12.5,7,SIMULATED,False
IMPACT,47,3.76,9,-3,996,12.5,7,SIMULATED,False
IMPACT,48,3.84,12,-8,1005,12.5,7,SIMULATED,False
IMPACT,49,3.92,3,-11,1008,12.5,7,SIMULATED,False
IMPACT,50,4.0,1809,3,2806,12.5,7,SIMULATED,False
IMPACT,51,4.08,7,-9,1001,12.5,7,SIMULATED,False
IMPACT,52,4.16,0,8,1007,12.5,7,SIMULATED,False
IMPACT,53,4.24,8,2,1009,12.5,7,SIMULATED,False
IMPACT,54,4.32,4,5,994,12.5,7,SIMULATED,False
IMPACT,55,4.4,-11,-9,997,12.5,7,SIMULATED,False
IMPACT,56,4.48,-9,8,1001,12.5,7,SIMULATED,False
IMPACT,57,4.56,3,3,1004,12.5,7,SIMULATED,False
IMPACT,58,4.64,0,-12,1007,12.5,7,SIMULATED,False
IMPACT,59,4.72,6,0,1001,12.5,7,SIMULATED,False
IMPACT,60,4.8,4,-10,1006,12.5,7,SIMULATED,False
IMPACT,61,4.88,-6,-10,994,12.5,7,SIMULATED,False
IMPACT,62,4.96,6,-7,1006,12.5,7,SIMULATED,False
IMPACT,63,5.04,11,0,997,12.5,7,SIMULATED,False
IMPACT,64,5.12,-1,4,1006,12.5,7,SIMULATED,False
IMPACT,65,5.2,3,3,990,12.5,7,SIMULATED,False
IMPACT,66,5.28,-8,-6,1006,12.5,7,SIMULATED,False
IMPACT,67,5.36,-5,2,988,12.5,7,SIMULATED,False
IMPACT,68,5.44,-11,-6,1004,12.5,7,SIMULATED,False
IMPACT,69,5.52,5,4,995,12.5,7,SIMULATED,False
IMPACT,70,5.6,0,-1,999,12.5,7,SIMULATED,False
IMPACT,71,5.68,-9,9,993,12.5,7,SIMULATED,False
IMPACT,72,5.76,11,10,988,12.5,7,SIMULATED,False
IMPACT,73,5.84,-1,8,1011,12.5,7,SIMULATED,False
IMPACT,74,5.92,-1,-6,993,12.5,7,SIMULATED,False
IMPACT,75,6.0,11,-7,1002,12.5,7,SIMULATED,False
IMPACT,76,6.08,-9,1,1011,12.5,7,SIMULATED,False
IMPACT,77,6.16,-9,8,1000,12.5,7,SIMULATED,False
IMPACT,78,6.24,9,5,994,12.5,7,SIMULATED,False
IMPACT,79,6.32,10,0,989,12.5,7,SIMULATED,False
IMPACT,80,6.4,-12,0,999,12.5,7,SIMULATED,False
IMPACT,81,6.48,-5,-9,996,12.5,7,SIMULATED,False
IMPACT,82,6.56,-4,8,988,12.5,7,SIMULATED,False
IMPACT,83,6.64,6,8,991,12.5,7,SIMULATED,False
IMPACT,84,6.72,10,5,1010,12.5,7,SIMULATED,False
IMPACT,85,6.8,-5,-3,997,12.5,7,SIMULATED,False
IMPACT,86,6.88,12,2,997,12.5,7,SIMULATED,False
IMPACT,87,6.96,-2,-5,989,12.5,7,SIMULATED,False
IMPACT,88,7.04,-10,8,995,12.5,7,SIMULATED,False
IMPACT,89,7.12,10,-6,994,12.5,7,SIMULATED,False
IMPACT,90,7.2,0,-7,997,12.5,7,SIMULATED,False
IMPACT,91,7.28,11,9,1007,12.5,7,SIMULATED,False
IMPACT,92,7.36,3,10,1011,12.5,7,SIMULATED,False
IMPACT,93,7.44,1,5,989,12.5,7,SIMULATED,False
IMPACT,94,7.52,6,-1,1006,12.5,7,SIMULATED,False
IMPACT,95,7.6,3,-5,989,12.5,7,SIMULATED,False
IMPACT,96,7.68,10,-9,999,12.5,7,SIMULATED,False
IMPACT,97,7.76,-4,-5,1006,12.5,7,SIMULATED,False
IMPACT,98,7.84,11,-6,1004,12.5,7,SIMULATED,False
IMPACT,99,7.92,-5,1,997,12.5,7,SIMULATED,False
RANDOM_MOVEMENT,0,0.0,-998,-1015,124,12.5,7,SIMULATED,False
RANDOM_MOVEMENT,1,0.08,1218,-9,160,12.5,7,SIMULATED,False
RANDOM_MOVEMENT,2,0.16,1219,1489,850,12.5,7,SIMULATED,False
RANDOM_MOVEMENT,3,0.24,-1081,-923,-228,12.5,7,SIMULATED,False
RANDOM_MOVEMENT,4,0.32,-474,-1227,217,12.5,7,SIMULATED,False
RANDOM_MOVEMENT,5,0.4,-725,209,2162,12.5,7,SIMULATED,False
RANDOM_MOVEMENT,6,0.48,749,-262,742,12.5,7,SIMULATED,False
RANDOM_MOVEMENT,7,0.56,73,-369,515,12.5,7,SIMULATED,False
RANDOM_MOVEMENT,8,0.64,-1314,-667,2403,12.5,7,SIMULATED,False
RANDOM_MOVEMENT,9,0.72,-1122,10,1389,12.5,7,SIMULATED,False
RANDOM_MOVEMENT,10,0.8,1089,-852,313,12.5,7,SIMULATED,False
RANDOM_MOVEMENT,11,0.88,-755,-301,838,12.5,7,SIMULATED,False
RANDOM_MOVEMENT,12,0.96,1362,1046,2119,12.5,7,SIMULATED,False
RANDOM_MOVEMENT,13,1.04,-1435,-1403,1629,12.5,7,SIMULATED,False
RANDOM_MOVEMENT,14,1.12,1187,-80,1262,12.5,7,SIMULATED,False
RANDOM_MOVEMENT,15,1.2,-1499,-325,2280,12.5,7,SIMULATED,False
RANDOM_MOVEMENT,16,1.28,977,1066,2417,12.5,7,SIMULATED,False
RANDOM_MOVEMENT,17,1.36,-755,-1173,-37,12.5,7,SIMULATED,False
RANDOM_MOVEMENT,18,1.44,67,546,2324,12.5,7,SIMULATED,False
RANDOM_MOVEMENT,19,1.52,665,442,1794,12.5,7,SIMULATED,False
RANDOM_MOVEMENT,20,1.6,-128,155,-381,12.5,7,SIMULATED,False
RANDOM_MOVEMENT,21,1.68,847,-802,2260,12.5,7,SIMULATED,False
RANDOM_MOVEMENT,22,1.76,437,-589,-116,12.5,7,SIMULATED,False
RANDOM_MOVEMENT,23,1.84,-745,409,1596,12.5,7,SIMULATED,False
RANDOM_MOVEMENT,24,1.92,-1164,-1289,1073,12.5,7,SIMULATED,False
RANDOM_MOVEMENT,25,2.0,249,-336,171,12.5,7,SIMULATED,False
RANDOM_MOVEMENT,26,2.08,303,-1469,405,12.5,7,SIMULATED,False
RANDOM_MOVEMENT,27,2.16,-118,1377,1434,12.5,7,SIMULATED,False
RANDOM_MOVEMENT,28,2.24,1151,-74,204,12.5,7,SIMULATED,False
RANDOM_MOVEMENT,29,2.32,-759,1382,1614,12.5,7,SIMULATED,False
RANDOM_MOVEMENT,30,2.4,-578,-1435,995,12.5,7,SIMULATED,False
RANDOM_MOVEMENT,31,2.48,523,-240,272,12.5,7,SIMULATED,False
RANDOM_MOVEMENT,32,2.56,502,1275,180,12.5,7,SIMULATED,False
RANDOM_MOVEMENT,33,2.64,-1398,-486,762,12.5,7,SIMULATED,False
RANDOM_MOVEMENT,34,2.72,548,-906,1891,12.5,7,SIMULATED,False
RANDOM_MOVEMENT,35,2.8,717,15,116,12.5,7,SIMULATED,False
RANDOM_MOVEMENT,36,2.88,1410,-565,1960,12.5,7,SIMULATED,False
RANDOM_MOVEMENT,37,2.96,-808,-836,1781,12.5,7,SIMULATED,False
RANDOM_MOVEMENT,38,3.04,-615,1356,987,12.5,7,SIMULATED,False
RANDOM_MOVEMENT,39,3.12,-938,-830,751,12.5,7,SIMULATED,False
RANDOM_MOVEMENT,40,3.2,496,1346,-61,12.5,7,SIMULATED,False
RANDOM_MOVEMENT,41,3.28,-320,-861,2422,12.5,7,SIMULATED,False
RANDOM_MOVEMENT,42,3.36,-1074,-1344,-320,12.5,7,SIMULATED,False
RANDOM_MOVEMENT,43,3.44,-320,1195,2151,12.5,7,SIMULATED,False
RANDOM_MOVEMENT,44,3.52,698,1493,2295,12.5,7,SIMULATED,False
RANDOM_MOVEMENT,45,3.6,-512,-943,2308,12.5,7,SIMULATED,False
RANDOM_MOVEMENT,46,3.68,739,-1404,1493,12.5,7,SIMULATED,False
RANDOM_MOVEMENT,47,3.76,-364,-378,495,12.5,7,SIMULATED,False
RANDOM_MOVEMENT,48,3.84,-992,-1491,339,12.5,7,SIMULATED,False
RANDOM_MOVEMENT,49,3.92,-446,1367,-129,12.5,7,SIMULATED,False
RANDOM_MOVEMENT,50,4.0,1393,-878,570,12.5,7,SIMULATED,False
RANDOM_MOVEMENT,51,4.08,965,966,797,12.5,7,SIMULATED,False
RANDOM_MOVEMENT,52,4.16,-1352,-80,618,12.5,7,SIMULATED,False
RANDOM_MOVEMENT,53,4.24,1259,-921,593,12.5,7,SIMULATED,False
RANDOM_MOVEMENT,54,4.32,1191,-1409,732,12.5,7,SIMULATED,False
RANDOM_MOVEMENT,55,4.4,935,800,-378,12.5,7,SIMULATED,False
RANDOM_MOVEMENT,56,4.48,-1395,-1312,2260,12.5,7,SIMULATED,False
RANDOM_MOVEMENT,57,4.56,-729,742,2196,12.5,7,SIMULATED,False
RANDOM_MOVEMENT,58,4.64,-483,-683,2373,12.5,7,SIMULATED,False
RANDOM_MOVEMENT,59,4.72,351,-713,1650,12.5,7,SIMULATED,False
RANDOM_MOVEMENT,60,4.8,-551,-673,-489,12.5,7,SIMULATED,False
RANDOM_MOVEMENT,61,4.88,767,1249,1402,12.5,7,SIMULATED,False
RANDOM_MOVEMENT,62,4.96,1330,-1427,202,12.5,7,SIMULATED,False
RANDOM_MOVEMENT,63,5.04,-74,1370,2362,12.5,7,SIMULATED,False
RANDOM_MOVEMENT,64,5.12,-340,-747,790,12.5,7,SIMULATED,False
RANDOM_MOVEMENT,65,5.2,-20,1284,49,12.5,7,SIMULATED,False
RANDOM_MOVEMENT,66,5.28,908,715,1968,12.5,7,SIMULATED,False
RANDOM_MOVEMENT,67,5.36,818,322,483,12.5,7,SIMULATED,False
RANDOM_MOVEMENT,68,5.44,-541,-414,1847,12.5,7,SIMULATED,False
RANDOM_MOVEMENT,69,5.52,-1263,-908,1759,12.5,7,SIMULATED,False
RANDOM_MOVEMENT,70,5.6,-758,-1306,-398,12.5,7,SIMULATED,False
RANDOM_MOVEMENT,71,5.68,158,-523,2441,12.5,7,SIMULATED,False
RANDOM_MOVEMENT,72,5.76,1150,1463,295,12.5,7,SIMULATED,False
RANDOM_MOVEMENT,73,5.84,-1248,-1211,995,12.5,7,SIMULATED,False
RANDOM_MOVEMENT,74,5.92,629,-159,203,12.5,7,SIMULATED,False
RANDOM_MOVEMENT,75,6.0,-249,361,1522,12.5,7,SIMULATED,False
RANDOM_MOVEMENT,76,6.08,744,1041,1493,12.5,7,SIMULATED,False
RANDOM_MOVEMENT,77,6.16,-1137,1023,381,12.5,7,SIMULATED,False
RANDOM_MOVEMENT,78,6.24,201,-381,1714,12.5,7,SIMULATED,False
RANDOM_MOVEMENT,79,6.32,-902,-758,236,12.5,7,SIMULATED,False
RANDOM_MOVEMENT,80,6.4,-1040,1153,1235,12.5,7,SIMULATED,False
RANDOM_MOVEMENT,81,6.48,-521,-312,2477,12.5,7,SIMULATED,False
RANDOM_MOVEMENT,82,6.56,22,-806,1925,12.5,7,SIMULATED,False
RANDOM_MOVEMENT,83,6.64,460,1473,-193,12.5,7,SIMULATED,False
RANDOM_MOVEMENT,84,6.72,-76,957,2022,12.5,7,SIMULATED,False
RANDOM_MOVEMENT,85,6.8,1243,-1379,381,12.5,7,SIMULATED,False
RANDOM_MOVEMENT,86,6.88,-1142,-931,2419,12.5,7,SIMULATED,False
RANDOM_MOVEMENT,87,6.96,250,1291,617,12.5,7,SIMULATED,False
RANDOM_MOVEMENT,88,7.04,1098,-153,280,12.5,7,SIMULATED,False
RANDOM_MOVEMENT,89,7.12,833,1337,-183,12.5,7,SIMULATED,False
RANDOM_MOVEMENT,90,7.2,288,360,153,12.5,7,SIMULATED,False
RANDOM_MOVEMENT,91,7.28,-394,-1076,112,12.5,7,SIMULATED,False
RANDOM_MOVEMENT,92,7.36,-735,298,1455,12.5,7,SIMULATED,False
RANDOM_MOVEMENT,93,7.44,-890,-1466,482,12.5,7,SIMULATED,False
RANDOM_MOVEMENT,94,7.52,535,-945,437,12.5,7,SIMULATED,False
RANDOM_MOVEMENT,95,7.6,-890,886,1144,12.5,7,SIMULATED,False
RANDOM_MOVEMENT,96,7.68,-1310,-1196,686,12.5,7,SIMULATED,False
RANDOM_MOVEMENT,97,7.76,150,418,-227,12.5,7,SIMULATED,False
RANDOM_MOVEMENT,98,7.84,-1009,586,729,12.5,7,SIMULATED,False
RANDOM_MOVEMENT,99,7.92,-650,-577,2360,12.5,7,SIMULATED,False
