metric,value,unit,provenance,notes
stage.synthetic_motion,COMPLETED,status,SIMULATED,
stage.gpu_optional,SKIPPED_OPTIONAL,status,ENVIRONMENT_CAPABILITY_ONLY,Sionna RT is optional; no GPU scenario blocks the digital twin core
stage.mvp1_c_tests,PASSED,status,SIMULATED_SOFTWARE_TESTS,
stage.zephyr_firmware,PASSED,status,ENVIRONMENT_OR_TEST_RESULT,Built target firmware for nucleo_l031k6
stage.renode_firmware,PASSED,status,ENVIRONMENT_OR_TEST_RESULT,Renode platform smoke and Zephyr ELF execution completed
stage.host_trace_export,PASSED,status,SIMULATED_SOFTWARE_TRACE,
stage.firmware_scenarios,COMPLETED,status,SIMULATED_SOFTWARE_TESTS,C FSM traces exported for all four requested profiles
stage.long_duration_1_7_30_days,COMPLETED,status,SIMULATED_SOFTWARE_RUN,12 deterministic FSM long runs completed
stage.adversarial_fault_injection,PARTIAL,status,ENVIRONMENT_OR_TEST_RESULT,"Host C tests cover transient I2C/SPI/TX recovery, CRC rejection, bounded SX1262 BUSY wait, TX/RX IRQ deadlines, and deterministic reset-flag classification. The Zephyr target build configures the MCU watchdog, but reset behavior is not physically executed. Analog power faults require electrical models; unexpected reboot needs a persistent expected-reset contract"
stage.mechanical,FAILED,status,SIMULATED_GEOMETRY_ESTIMATE,battery envelope exceeds enclosure cavity; unexpected envelope overlap: pcb / battery
mechanical.envelope_fit,"['battery envelope exceeds enclosure cavity', 'unexpected envelope overlap: pcb / battery']",boolean,SIMULATED,
stage.antenna,PARTIAL_OR_BLOCKED,status,NO_SIMULATION_RESULT,"ANTENNA_FREE_SPACE: ADAPTER_NOT_CONFIGURED (Bindings detected, but RIOSE_OPENEMS_ADAPTER is not configured); ANTENNA_WITH_PCB: ADAPTER_NOT_CONFIGURED (Bindings detected, but RIOSE_OPENEMS_ADAPTER is not configured); ANTENNA_WITH_BATTERY: ADAPTER_NOT_CONFIGURED (Bindings detected, but RIOSE_OPENEMS_ADAPTER is not configured); ANTENNA_WITH_ENCLOSURE: ADAPTER_NOT_CONFIGURED (Bindings detected, but RIOSE_OPENEMS_ADAPTER is not configured); ANTENNA_NEAR_ANIMAL_APPROXIMATION: ADAPTER_NOT_CONFIGURED (Bindings detected, but RIOSE_OPENEMS_ADAPTER is not configured)"
stage.power,COMPLETED,status,SIMULATED,Four scenario rail simulations completed
stage.four_power_scenarios,COMPLETED,status,ENVIRONMENT_OR_TEST_RESULT,NORMAL/ACTIVE/ALERT/WORST_REASONABLE_CASE were converted from firmware traces and analyzed
stage.trace_schedule,PASSED,status,ENVIRONMENT_OR_TEST_RESULT,
