timestamp_s,transmitter_id,x_m,y_m,z_m
0.0,tx-001,100.0,100.0,10.8
0.0,tx-002,250.0,100.0,10.8
0.0,tx-003,400.0,100.0,10.8
0.0,tx-004,550.0,100.0,10.8
0.0,tx-005,700.0,100.0,10.8
0.0,tx-006,100.0,300.0,10.8
0.0,tx-007,250.0,300.0,10.8
0.0,tx-008,400.0,300.0,10.8
0.0,tx-009,550.0,300.0,10.8
0.0,tx-010,700.0,300.0,10.8
0.0,tx-011,100.0,500.0,10.8
0.0,tx-012,250.0,500.0,10.8
0.0,tx-013,400.0,500.0,10.8
0.0,tx-014,550.0,500.0,10.8
0.0,tx-015,700.0,500.0,10.8
0.0,tx-016,100.0,700.0,10.8
0.0,tx-017,250.0,700.0,10.8
0.0,tx-018,400.0,700.0,10.8
0.0,tx-019,550.0,700.0,10.8
0.0,tx-020,700.0,700.0,10.8
