timestamp_s,x_g,y_g,z_g
0.000000000,-0.001000,-0.001000,1.002000
0.080000000,0.000000,0.001000,1.000000
0.160000000,-0.002000,0.001000,1.000000
0.240000000,0.000000,0.001000,1.002000
0.320000000,0.002000,0.000000,0.998000
0.400000000,0.001000,-0.001000,1.000000
0.480000000,0.001000,0.002000,0.998000
0.560000000,0.002000,-0.002000,0.998000
0.640000000,-0.001000,-0.002000,0.999000
0.720000000,0.000000,-0.002000,0.998000
0.800000000,-0.001000,0.002000,1.001000
0.880000000,0.001000,0.000000,1.000000
0.960000000,0.001000,0.002000,0.999000
1.040000000,0.001000,0.001000,1.001000
1.120000000,-0.001000,0.001000,0.999000
1.200000000,-0.002000,0.002000,0.999000
1.280000000,0.001000,0.000000,0.998000
1.360000000,0.000000,-0.001000,1.001000
1.440000000,-0.002000,0.000000,1.002000
1.520000000,0.002000,-0.001000,0.998000
1.600000000,-0.001000,0.000000,1.000000
1.680000000,0.002000,0.000000,1.001000
1.760000000,0.001000,-0.001000,1.001000
1.840000000,0.001000,-0.002000,0.999000
1.920000000,-0.002000,-0.002000,0.999000
2.000000000,-0.002000,0.002000,0.998000
2.080000000,-0.001000,-0.001000,0.998000
2.160000000,0.002000,-0.002000,1.001000
2.240000000,-0.001000,0.001000,0.998000
2.320000000,0.000000,0.001000,1.001000
2.400000000,0.000000,-0.002000,1.001000
2.480000000,0.001000,-0.001000,1.002000
2.560000000,0.002000,0.002000,0.999000
2.640000000,0.001000,0.001000,1.000000
2.720000000,0.001000,0.000000,1.001000
2.800000000,0.001000,0.001000,1.002000
2.880000000,0.000000,0.001000,0.998000
2.960000000,0.002000,-0.001000,1.002000
3.040000000,0.001000,0.001000,0.998000
3.120000000,0.000000,-0.001000,1.001000
3.200000000,0.002000,-0.001000,0.998000
3.280000000,-0.001000,0.001000,1.002000
3.360000000,-0.002000,0.001000,0.998000
3.440000000,0.002000,0.001000,0.999000
3.520000000,0.002000,-0.002000,1.001000
3.600000000,0.001000,-0.002000,1.000000
3.680000000,0.000000,0.001000,1.000000
3.760000000,-0.001000,0.001000,1.000000
3.840000000,-0.001000,0.000000,1.001000
3.920000000,0.002000,0.000000,1.001000
4.000000000,0.001000,0.001000,0.998000
4.080000000,-0.002000,-0.001000,1.000000
4.160000000,0.000000,-0.001000,1.000000
4.240000000,0.000000,0.002000,1.000000
4.320000000,0.001000,0.001000,1.002000
4.400000000,-0.001000,0.000000,0.999000
4.480000000,0.001000,-0.001000,1.000000
4.560000000,0.000000,0.001000,1.001000
4.640000000,-0.001000,0.002000,1.000000
4.720000000,0.002000,-0.002000,1.000000
4.800000000,-0.002000,-0.002000,0.998000
4.880000000,0.001000,-0.001000,0.999000
4.960000000,0.000000,0.001000,1.000000
5.040000000,0.002000,-0.001000,1.002000
5.120000000,0.002000,0.002000,1.001000
5.200000000,0.002000,0.000000,1.000000
5.280000000,0.000000,0.001000,1.000000
5.360000000,0.002000,-0.002000,1.001000
5.440000000,0.000000,0.001000,1.000000
5.520000000,0.002000,0.000000,0.998000
5.600000000,0.002000,0.000000,0.998000
5.680000000,0.000000,0.001000,1.001000
5.760000000,0.001000,0.001000,1.001000
5.840000000,0.000000,0.000000,0.999000
5.920000000,-0.002000,0.002000,0.998000
6.000000000,0.000000,0.001000,0.998000
6.080000000,0.002000,0.000000,0.999000
6.160000000,0.001000,-0.002000,1.001000
6.240000000,0.002000,0.000000,1.000000
6.320000000,-0.002000,-0.002000,1.002000
6.400000000,0.002000,-0.002000,1.002000
6.480000000,0.001000,0.001000,0.998000
6.560000000,0.000000,0.002000,1.002000
6.640000000,0.000000,0.001000,1.000000
6.720000000,-0.002000,0.000000,0.999000
6.800000000,0.000000,0.001000,1.002000
6.880000000,-0.002000,0.000000,1.000000
6.960000000,0.001000,-0.001000,0.999000
7.040000000,-0.001000,0.001000,0.998000
7.120000000,0.002000,0.000000,0.998000
7.200000000,-0.001000,-0.002000,1.001000
7.280000000,-0.002000,0.001000,0.998000
7.360000000,0.001000,0.000000,1.002000
7.440000000,0.002000,0.000000,1.001000
7.520000000,0.000000,0.000000,0.998000
7.600000000,-0.001000,0.001000,1.002000
7.680000000,0.000000,0.001000,1.002000
7.760000000,-0.002000,0.000000,0.999000
7.840000000,0.001000,-0.001000,0.998000
7.920000000,-0.002000,0.002000,1.002000
8.000000000,0.001000,0.001000,1.002000
8.080000000,0.001000,-0.002000,1.001000
8.160000000,0.000000,0.001000,0.998000
8.240000000,-0.001000,0.001000,1.000000
8.320000000,-0.002000,0.002000,1.001000
8.400000000,0.001000,0.000000,0.999000
8.480000000,0.001000,0.002000,1.001000
8.560000000,-0.002000,0.002000,1.002000
8.640000000,-0.002000,-0.002000,1.000000
8.720000000,0.002000,0.000000,1.002000
8.800000000,-0.002000,-0.002000,1.001000
8.880000000,-0.002000,0.001000,0.999000
8.960000000,-0.002000,0.001000,0.999000
9.040000000,0.002000,0.001000,0.998000
9.120000000,-0.001000,0.000000,0.999000
9.200000000,0.001000,0.000000,1.002000
9.280000000,0.002000,0.000000,1.000000
9.360000000,-0.002000,0.001000,1.002000
9.440000000,-0.002000,0.000000,1.002000
9.520000000,-0.002000,0.001000,1.000000
9.600000000,0.001000,0.001000,1.002000
9.680000000,-0.001000,-0.002000,1.002000
9.760000000,-0.002000,-0.001000,0.998000
9.840000000,0.001000,-0.001000,1.000000
9.920000000,0.002000,-0.001000,1.000000
10.000000000,0.002000,-0.001000,0.998000
10.080000000,-0.002000,0.002000,0.998000
10.160000000,-0.002000,0.000000,1.001000
