animal_count,anchor_count,seed,energy_per_tag_day_mah,estimated_battery_life_days,energy_profile,energy_status,energy_source,messages_per_tag_day,evidence
1,4,11054,0.08969866666666668,,stm32wle5-reference-assumed,ASSUMED,"TX/RX and sleep values use approximate figures supplied in the MVP brief; idle, IMU, BLE, Wi-Fi and alert values are configurable placeholder assumptions. Verify the complete board profile by measurement.",96.0,SIMULATED
10,4,11207,0.08969866666666668,,stm32wle5-reference-assumed,ASSUMED,"TX/RX and sleep values use approximate figures supplied in the MVP brief; idle, IMU, BLE, Wi-Fi and alert values are configurable placeholder assumptions. Verify the complete board profile by measurement.",96.0,SIMULATED
50,4,11887,0.158713472,,stm32wle5-reference-assumed,ASSUMED,"TX/RX and sleep values use approximate figures supplied in the MVP brief; idle, IMU, BLE, Wi-Fi and alert values are configurable placeholder assumptions. Verify the complete board profile by measurement.",101.376,SIMULATED
100,4,12737,0.08969866666666668,,stm32wle5-reference-assumed,ASSUMED,"TX/RX and sleep values use approximate figures supplied in the MVP brief; idle, IMU, BLE, Wi-Fi and alert values are configurable placeholder assumptions. Verify the complete board profile by measurement.",96.0,SIMULATED
500,4,19537,0.09660014720000001,,stm32wle5-reference-assumed,ASSUMED,"TX/RX and sleep values use approximate figures supplied in the MVP brief; idle, IMU, BLE, Wi-Fi and alert values are configurable placeholder assumptions. Verify the complete board profile by measurement.",96.53760000000001,SIMULATED
1000,4,28037,0.08969866666666668,,stm32wle5-reference-assumed,ASSUMED,"TX/RX and sleep values use approximate figures supplied in the MVP brief; idle, IMU, BLE, Wi-Fi and alert values are configurable placeholder assumptions. Verify the complete board profile by measurement.",96.0,SIMULATED
1,8,15090,0.08969866666666668,,stm32wle5-reference-assumed,ASSUMED,"TX/RX and sleep values use approximate figures supplied in the MVP brief; idle, IMU, BLE, Wi-Fi and alert values are configurable placeholder assumptions. Verify the complete board profile by measurement.",96.0,SIMULATED
10,8,15243,0.08969866666666668,,stm32wle5-reference-assumed,ASSUMED,"TX/RX and sleep values use approximate figures supplied in the MVP brief; idle, IMU, BLE, Wi-Fi and alert values are configurable placeholder assumptions. Verify the complete board profile by measurement.",96.0,SIMULATED
50,8,15923,0.08969866666666668,,stm32wle5-reference-assumed,ASSUMED,"TX/RX and sleep values use approximate figures supplied in the MVP brief; idle, IMU, BLE, Wi-Fi and alert values are configurable placeholder assumptions. Verify the complete board profile by measurement.",96.0,SIMULATED
100,8,16773,0.08969866666666668,,stm32wle5-reference-assumed,ASSUMED,"TX/RX and sleep values use approximate figures supplied in the MVP brief; idle, IMU, BLE, Wi-Fi and alert values are configurable placeholder assumptions. Verify the complete board profile by measurement.",96.0,SIMULATED
500,8,23573,0.08969866666666668,,stm32wle5-reference-assumed,ASSUMED,"TX/RX and sleep values use approximate figures supplied in the MVP brief; idle, IMU, BLE, Wi-Fi and alert values are configurable placeholder assumptions. Verify the complete board profile by measurement.",96.0,SIMULATED
1000,8,32073,0.09314940693333335,,stm32wle5-reference-assumed,ASSUMED,"TX/RX and sleep values use approximate figures supplied in the MVP brief; idle, IMU, BLE, Wi-Fi and alert values are configurable placeholder assumptions. Verify the complete board profile by measurement.",96.2688,SIMULATED
1,12,19126,0.08969866666666668,,stm32wle5-reference-assumed,ASSUMED,"TX/RX and sleep values use approximate figures supplied in the MVP brief; idle, IMU, BLE, Wi-Fi and alert values are configurable placeholder assumptions. Verify the complete board profile by measurement.",96.0,SIMULATED
10,12,19279,0.08969866666666668,,stm32wle5-reference-assumed,ASSUMED,"TX/RX and sleep values use approximate figures supplied in the MVP brief; idle, IMU, BLE, Wi-Fi and alert values are configurable placeholder assumptions. Verify the complete board profile by measurement.",96.0,SIMULATED
50,12,19959,0.08969866666666668,,stm32wle5-reference-assumed,ASSUMED,"TX/RX and sleep values use approximate figures supplied in the MVP brief; idle, IMU, BLE, Wi-Fi and alert values are configurable placeholder assumptions. Verify the complete board profile by measurement.",96.0,SIMULATED
100,12,20809,0.08969866666666668,,stm32wle5-reference-assumed,ASSUMED,"TX/RX and sleep values use approximate figures supplied in the MVP brief; idle, IMU, BLE, Wi-Fi and alert values are configurable placeholder assumptions. Verify the complete board profile by measurement.",96.0,SIMULATED
500,12,27609,0.08969866666666668,,stm32wle5-reference-assumed,ASSUMED,"TX/RX and sleep values use approximate figures supplied in the MVP brief; idle, IMU, BLE, Wi-Fi and alert values are configurable placeholder assumptions. Verify the complete board profile by measurement.",96.0,SIMULATED
1000,12,36109,0.10005088746666668,,stm32wle5-reference-assumed,ASSUMED,"TX/RX and sleep values use approximate figures supplied in the MVP brief; idle, IMU, BLE, Wi-Fi and alert values are configurable placeholder assumptions. Verify the complete board profile by measurement.",96.8064,SIMULATED
1,20,27198,0.08969866666666668,,stm32wle5-reference-assumed,ASSUMED,"TX/RX and sleep values use approximate figures supplied in the MVP brief; idle, IMU, BLE, Wi-Fi and alert values are configurable placeholder assumptions. Verify the complete board profile by measurement.",96.0,SIMULATED
10,20,27351,0.08969866666666668,,stm32wle5-reference-assumed,ASSUMED,"TX/RX and sleep values use approximate figures supplied in the MVP brief; idle, IMU, BLE, Wi-Fi and alert values are configurable placeholder assumptions. Verify the complete board profile by measurement.",96.0,SIMULATED
50,20,28031,0.08969866666666668,,stm32wle5-reference-assumed,ASSUMED,"TX/RX and sleep values use approximate figures supplied in the MVP brief; idle, IMU, BLE, Wi-Fi and alert values are configurable placeholder assumptions. Verify the complete board profile by measurement.",96.0,SIMULATED
100,20,28881,0.08969866666666668,,stm32wle5-reference-assumed,ASSUMED,"TX/RX and sleep values use approximate figures supplied in the MVP brief; idle, IMU, BLE, Wi-Fi and alert values are configurable placeholder assumptions. Verify the complete board profile by measurement.",96.0,SIMULATED
500,20,35681,0.08969866666666668,,stm32wle5-reference-assumed,ASSUMED,"TX/RX and sleep values use approximate figures supplied in the MVP brief; idle, IMU, BLE, Wi-Fi and alert values are configurable placeholder assumptions. Verify the complete board profile by measurement.",96.0,SIMULATED
1000,20,44181,0.10350162773333334,,stm32wle5-reference-assumed,ASSUMED,"TX/RX and sleep values use approximate figures supplied in the MVP brief; idle, IMU, BLE, Wi-Fi and alert values are configurable placeholder assumptions. Verify the complete board profile by measurement.",97.0752,SIMULATED
