animal_count,anchor_count,seed,method,samples,coverage_pct,mean_error_m,median_error_m,p90_error_m,p95_error_m,p99_error_m,max_error_m,packet_delivery_ratio,runtime_seconds,evidence,note
1,4,11054,strongest_anchor,5,100.0,518.3719211095939,456.2865442195239,642.5426748897343,704.6280517798043,754.2963532918604,766.7134286698745,0.75,0.0002745489982771687,SIMULATED,
1,4,11054,weighted_centroid,5,100.0,184.98558868424405,198.966789927598,250.38446306828928,263.38374712098323,273.7831743631384,276.3830311736772,0.75,0.0002175959998567123,SIMULATED,
1,4,11054,path_loss,5,100.0,157.6689669709559,157.70650888412948,157.73384704587687,157.7360566787848,157.7378243851111,157.73826631169268,0.75,0.007289042001502821,SIMULATED,
1,4,11054,extra_trees,5,100.0,654.6931445329403,655.1264077730474,658.3808895420166,659.4657167983397,660.3335786033981,660.5505440546627,0.75,0.002368272002058802,SIMULATED,
1,4,11054,gradient_boosting,5,100.0,548.404021160711,543.6705198170844,570.051120433329,577.2036328282306,582.925642744152,584.3561452231323,0.75,0.000557423998543527,SIMULATED,
1,4,11054,temporal_fusion,5,100.0,184.1614884833852,198.966789927598,220.2826563732495,224.89035479711265,228.57651353620318,229.4980532209758,0.75,0.00020979300097678788,SIMULATED,
1,4,11054,gps_oracle_reference,5,100.0,0.0,0.0,0.0,0.0,0.0,0.0,,0.0,SIMULATED_REFERENCE,Ground-truth oracle; never an estimator input.
10,4,11207,strongest_anchor,50,100.0,371.5341428735919,187.69968725852996,857.3491088899224,936.3007344087137,1125.6524352578467,1265.7596864662335,0.685,0.0006181120006658603,SIMULATED,
10,4,11207,weighted_centroid,50,100.0,244.21567005543034,145.12332298369398,563.0259675478057,659.885101355196,995.8842956845518,1265.7596864662335,0.685,0.0008860009984346107,SIMULATED,
10,4,11207,path_loss,36,72.0,208.0600173112431,185.2689390692793,250.92300142613155,250.97103481726506,477.2175478480245,599.0276358697944,0.685,0.050164420001237886,SIMULATED,
10,4,11207,extra_trees,50,100.0,805.7066082178518,863.166478358299,888.1186229773457,894.8507916754372,897.4863487955914,897.8106054979247,0.685,0.0035353489984117914,SIMULATED,
10,4,11207,gradient_boosting,50,100.0,716.5272815232265,703.3002803957778,793.0594832121328,863.1111255363026,956.0316923616001,967.9158892442393,0.685,0.0013195030005590525,SIMULATED,
10,4,11207,temporal_fusion,50,100.0,239.28020595038493,173.68048956219894,550.8918894782512,572.4290886234163,949.8953079815836,1265.7596864662335,0.685,0.00112494699715171,SIMULATED,
10,4,11207,gps_oracle_reference,50,100.0,0.0,0.0,0.0,0.0,0.0,0.0,,0.0,SIMULATED_REFERENCE,Ground-truth oracle; never an estimator input.
50,4,11887,strongest_anchor,249,99.6,514.1899999401619,430.61275713500294,771.3701051719488,776.383041573065,863.8856217827265,957.5483183914765,0.762,0.001839270000346005,SIMULATED,
50,4,11887,weighted_centroid,249,99.6,267.0121428996016,239.44572021068436,467.1529096092127,555.9367942509841,640.77472200802,753.6282213560277,0.762,0.004075177999766311,SIMULATED,
50,4,11887,path_loss,212,84.8,196.31254129894694,134.11447913491696,446.11464983883,541.1768165029431,627.6372159262572,749.3670919970756,0.762,0.3074352719995659,SIMULATED,
50,4,11887,extra_trees,250,100.0,255.31225717548656,251.21911537029388,356.01780092156764,385.2266935127671,447.51463107201346,498.8925100815898,0.762,0.008346676000655862,SIMULATED,
50,4,11887,gradient_boosting,250,100.0,339.4709348564471,335.5215169134683,477.42588109869973,523.744648598347,617.3529356303336,690.9319712846724,0.762,0.0043293599992466625,SIMULATED,
50,4,11887,temporal_fusion,250,100.0,225.14402166117023,198.46238977871872,398.90983618791876,444.9516612325182,606.3096400894359,639.2031980018988,0.762,0.004434274000232108,SIMULATED,
50,4,11887,gps_oracle_reference,250,100.0,0.0,0.0,0.0,0.0,0.0,0.0,,0.0,SIMULATED_REFERENCE,Ground-truth oracle; never an estimator input.
100,4,12737,strongest_anchor,500,100.0,442.99884477780773,348.6365816278259,748.8547256407501,795.7400137677729,817.8512436440694,1020.857142537103,0.731,0.0037159719977353234,SIMULATED,
100,4,12737,weighted_centroid,500,100.0,237.55046824612552,214.71803902742806,458.54668757010126,547.6983284184589,658.50222410006,743.9072588391714,0.731,0.008178299998689909,SIMULATED,
100,4,12737,path_loss,390,78.0,205.5857423779201,184.61964296423102,327.16349776352365,501.1502157832377,741.55437973472,855.0479701485586,0.731,0.5537033510008769,SIMULATED,
100,4,12737,extra_trees,500,100.0,342.97183498797165,336.2159180305327,582.1386606074842,636.1208766103573,882.130452939716,927.305924497487,0.731,0.013345735998882446,SIMULATED,
100,4,12737,gradient_boosting,500,100.0,454.3460505370929,487.6185881833248,653.2866356744843,713.2317295687596,1031.8372727552523,1177.3041218888848,0.731,0.008236973000748549,SIMULATED,
100,4,12737,temporal_fusion,500,100.0,215.14085499264212,195.65348681896688,364.57468674794757,420.2613738883155,612.1403014150661,684.0506785087489,0.731,0.00835041100071976,SIMULATED,
100,4,12737,gps_oracle_reference,500,100.0,0.0,0.0,0.0,0.0,0.0,0.0,,0.0,SIMULATED_REFERENCE,Ground-truth oracle; never an estimator input.
500,4,19537,strongest_anchor,2499,99.96000000000001,469.5832949256804,445.39182536183773,749.6583162501031,794.5347056845079,899.2556197089334,1085.3319025639282,0.7317,0.01812036900082603,SIMULATED,
500,4,19537,weighted_centroid,2499,99.96000000000001,238.083693138184,203.7523707835484,449.15765542703593,556.6045744128555,730.515874791455,1003.9961549434457,0.7317,0.039611717002117075,SIMULATED,
500,4,19537,path_loss,1998,79.92,209.97330133117254,186.73497293813506,390.8069640774813,471.1257996493483,651.2081575434955,876.4414778214567,0.7317,2.8386070359993028,SIMULATED,
500,4,19537,extra_trees,2500,100.0,416.4763204079682,364.6586302469,750.2391775760063,799.5736604170689,893.4422565349295,1073.653374794965,0.7317,0.05234007100079907,SIMULATED,
500,4,19537,gradient_boosting,2500,100.0,483.4818619360198,487.3666010414014,732.1857044055822,841.9973484820016,951.6001847340237,1104.9942400752386,0.7317,0.03906230400025379,SIMULATED,
500,4,19537,temporal_fusion,2500,100.0,214.9933951879503,191.26396471310244,388.64729491691423,461.4420588280173,633.1433031792913,979.4394667677019,0.7317,0.04165952199764433,SIMULATED,
500,4,19537,gps_oracle_reference,2500,100.0,0.0,0.0,0.0,0.0,0.0,0.0,,0.0,SIMULATED_REFERENCE,Ground-truth oracle; never an estimator input.
1000,4,28037,strongest_anchor,4994,99.88,499.52640127451383,521.8100270180068,748.6921448491597,802.8399789273567,956.7253668731697,1115.4283493564596,0.74375,0.03562847600187524,SIMULATED,
1000,4,28037,weighted_centroid,4994,99.88,259.4907742126117,226.9102756731702,486.0164192929006,563.5731396991454,748.7538701070422,1109.994632253391,0.74375,0.08848719800153049,SIMULATED,
1000,4,28037,path_loss,3951,79.02,252.21393957158753,215.63960869174596,451.12791218372433,503.2714339062761,758.7616210634872,874.5612887105815,0.74375,5.537736129001132,SIMULATED,
1000,4,28037,extra_trees,5000,100.0,414.7913749417905,379.68278069750374,752.081717261074,861.8642581029678,925.5234589916887,1023.3970849658914,0.74375,0.09931593500004965,SIMULATED,
1000,4,28037,gradient_boosting,5000,100.0,454.65039618840365,437.3403803972732,719.9095288396022,778.5528976922695,967.884908040517,1216.4684737826851,0.74375,0.08070153200242203,SIMULATED,
1000,4,28037,temporal_fusion,4998,99.96000000000001,234.32798068594974,212.00327349903438,427.3014387508075,482.7150753733194,616.6194718219471,926.1490237777275,0.74375,0.11829536699951859,SIMULATED,
1000,4,28037,gps_oracle_reference,5000,100.0,0.0,0.0,0.0,0.0,0.0,0.0,,0.0,SIMULATED_REFERENCE,Ground-truth oracle; never an estimator input.
1,8,15090,strongest_anchor,5,100.0,242.3937780558212,203.87584281335884,300.17068091951484,300.17068091951484,300.17068091951484,300.17068091951484,0.825,0.0005805900000268593,SIMULATED,
1,8,15090,weighted_centroid,5,100.0,64.93778898654399,60.69087502972688,89.5585152300673,97.23444092285084,103.37518147707767,104.91036661563439,0.825,0.00022322200311464258,SIMULATED,
1,8,15090,path_loss,5,100.0,287.9899076857103,330.611465438053,366.7347495106377,375.31235412516577,382.1744378167882,383.88995873969384,0.825,0.008426920998317655,SIMULATED,
1,8,15090,extra_trees,5,100.0,436.8727945974042,382.49651480315345,563.9044050840467,598.2667750560089,625.7566710335788,632.6291450279712,0.825,0.0023853810016589705,SIMULATED,
1,8,15090,gradient_boosting,5,100.0,497.6272019668867,464.04480612142,617.6970319190106,650.0782728383546,675.9832655738298,682.4595137576987,0.825,0.0005693139974027872,SIMULATED,
1,8,15090,temporal_fusion,5,100.0,54.872335583891996,50.90184736618536,62.91160839618173,64.72117327394919,66.16882517616315,66.53073815171665,0.825,0.00021990899767843075,SIMULATED,
1,8,15090,gps_oracle_reference,5,100.0,0.0,0.0,0.0,0.0,0.0,0.0,,0.0,SIMULATED_REFERENCE,Ground-truth oracle; never an estimator input.
10,8,15243,strongest_anchor,50,100.0,297.599690194927,222.77623012524646,538.7546455180039,600.0266893559674,620.3365342683699,634.3236692669789,0.845,0.0005167340023035649,SIMULATED,
10,8,15243,weighted_centroid,50,100.0,150.09899958301446,149.16254623807416,240.23410123189814,262.83693937433196,323.1302856643756,342.45571168559724,0.845,0.0010880099980568048,SIMULATED,
10,8,15243,path_loss,50,100.0,201.08134955462396,189.86728657795268,320.9442025849708,363.6021383329065,407.72141842876306,421.1931065716199,0.845,0.06948945000112872,SIMULATED,
10,8,15243,extra_trees,50,100.0,514.8347018987174,527.5167805364508,653.2187516141441,685.9330563980005,736.2286245996952,747.5544957730717,0.845,0.003525375999743119,SIMULATED,
10,8,15243,gradient_boosting,50,100.0,577.5346159004724,553.675487283122,835.2808656379237,850.8623328102022,987.2441766357115,998.2049236968573,0.845,0.0013611020003736485,SIMULATED,
10,8,15243,temporal_fusion,50,100.0,143.32662488691568,138.40391834979783,224.79673892083196,236.17891784813517,342.20152549850104,348.3447740442732,0.845,0.0011078549978265073,SIMULATED,
10,8,15243,gps_oracle_reference,50,100.0,0.0,0.0,0.0,0.0,0.0,0.0,,0.0,SIMULATED_REFERENCE,Ground-truth oracle; never an estimator input.
50,8,15923,strongest_anchor,250,100.0,332.35691325332635,270.72656059495,628.0051221286075,704.198712514895,810.3974590227606,936.6082842890744,0.747,0.0021247369986667763,SIMULATED,
50,8,15923,weighted_centroid,250,100.0,177.47818907405755,160.4559815062014,295.4290454371333,348.5805695917686,453.65998739245987,668.4983429570893,0.747,0.004561769997962983,SIMULATED,
50,8,15923,path_loss,250,100.0,206.21233819250588,188.86184524057293,367.25427242564245,408.42507581528713,487.2958574686046,539.1490169324916,0.747,0.35497061000205576,SIMULATED,
50,8,15923,extra_trees,250,100.0,476.9657767044395,510.79947033949384,654.4045208862955,717.3089059041491,866.6581725535111,931.2902020055889,0.747,0.008141111997247208,SIMULATED,
50,8,15923,gradient_boosting,250,100.0,529.1968031509651,507.94105166122074,801.0434313007207,860.9557560693028,999.5702343666088,1204.9646387408245,0.747,0.004917924998153467,SIMULATED,
50,8,15923,temporal_fusion,250,100.0,164.31232859163293,147.096299385869,288.9528439914842,315.9064492735347,384.92337315569023,668.4983429570893,0.747,0.00477079000120284,SIMULATED,
50,8,15923,gps_oracle_reference,250,100.0,0.0,0.0,0.0,0.0,0.0,0.0,,0.0,SIMULATED_REFERENCE,Ground-truth oracle; never an estimator input.
100,8,16773,strongest_anchor,500,100.0,326.01249045357883,367.67638684573666,521.1860049304995,601.6877812322074,790.1838717384501,969.1073264044896,0.80125,0.004105643001821591,SIMULATED,
100,8,16773,weighted_centroid,500,100.0,161.77545371222456,140.1099613990791,304.479021719773,349.0196829423014,438.4012565085715,614.4772288731805,0.80125,0.009427142998902127,SIMULATED,
100,8,16773,path_loss,499,99.8,250.54845613230114,245.96376992893804,408.742027779552,460.2389236853662,533.0953935431611,615.5703055402588,0.80125,0.70232435899743,SIMULATED,
100,8,16773,extra_trees,500,100.0,408.2063628846606,380.47732675488095,728.0904089194718,772.208768829964,875.4579682907065,926.9420528062278,0.80125,0.013442820996715454,SIMULATED,
100,8,16773,gradient_boosting,500,100.0,419.09467230859354,411.94176943445063,643.9372621216734,696.2449489063868,769.642973587826,1088.7424207332015,0.80125,0.009362531000078889,SIMULATED,
100,8,16773,temporal_fusion,500,100.0,154.31728375486173,133.09467334501662,292.0827939568961,329.5311155168566,429.47571608116175,468.09582233142135,0.80125,0.009593881000910187,SIMULATED,
100,8,16773,gps_oracle_reference,500,100.0,0.0,0.0,0.0,0.0,0.0,0.0,,0.0,SIMULATED_REFERENCE,Ground-truth oracle; never an estimator input.
500,8,23573,strongest_anchor,2500,100.0,328.1274548628467,295.26427687487563,559.0102392446421,631.6922520526903,792.2974824015965,992.7420248498419,0.78395,0.02061153799877502,SIMULATED,
500,8,23573,weighted_centroid,2500,100.0,165.72472576308797,149.96440821401356,298.181058203926,339.65981348497274,451.6353559494466,615.4580477294522,0.78395,0.08834756099895458,SIMULATED,
500,8,23573,path_loss,2499,99.96000000000001,231.58419040537618,210.40518903600147,398.5216442467031,484.435472910653,564.7703751923241,845.781466001026,0.78395,3.4937041659977695,SIMULATED,
500,8,23573,extra_trees,2500,100.0,454.8742454778957,455.21335204122136,712.3293562470503,777.9791808914139,890.7345030813215,1018.7961057674971,0.78395,0.05523477800306864,SIMULATED,
500,8,23573,gradient_boosting,2500,100.0,499.0317216852823,485.08583244104307,793.056564071131,890.7477107087497,1046.6959245258302,1188.2400696355771,0.78395,0.04520857600073214,SIMULATED,
500,8,23573,temporal_fusion,2500,100.0,157.61487679834056,147.5050341226122,276.9530749137307,316.61468055602944,387.73124017610974,615.4580477294522,0.78395,0.04895057000248926,SIMULATED,
500,8,23573,gps_oracle_reference,2500,100.0,0.0,0.0,0.0,0.0,0.0,0.0,,0.0,SIMULATED_REFERENCE,Ground-truth oracle; never an estimator input.
1000,8,32073,strongest_anchor,5000,100.0,289.0111616050914,253.70192298992842,522.1259658306111,636.0222827517404,784.1227915147057,1068.4334397092166,0.802325,0.04224226400037878,SIMULATED,
1000,8,32073,weighted_centroid,5000,100.0,152.20839105290045,135.11658010998178,282.15631578896875,329.4842097243843,430.36631383796407,627.395908233788,0.802325,0.09128768400114495,SIMULATED,
1000,8,32073,path_loss,4995,99.9,247.894839082675,234.87023822274114,416.70457112543954,458.5505402808598,542.9790616498028,778.351557074739,0.802325,6.963563471999805,SIMULATED,
1000,8,32073,extra_trees,5000,100.0,464.7966345614381,459.1904674026298,741.2190154270486,801.2392019375666,877.4233268525599,1083.7975977386504,0.802325,0.10387053900194587,SIMULATED,
1000,8,32073,gradient_boosting,5000,100.0,510.1504999986073,489.077798332576,802.4449351983963,896.6946003839289,1053.1183739131484,1338.6388804238995,0.802325,0.1401384019991383,SIMULATED,
1000,8,32073,temporal_fusion,5000,100.0,145.57552401405587,131.7922372286624,263.7495956943739,310.01289586634914,397.7944200025651,627.395908233788,0.802325,0.09375168199767359,SIMULATED,
1000,8,32073,gps_oracle_reference,5000,100.0,0.0,0.0,0.0,0.0,0.0,0.0,,0.0,SIMULATED_REFERENCE,Ground-truth oracle; never an estimator input.
1,12,19126,strongest_anchor,5,100.0,199.91915826896724,102.34703388115,346.27734485069317,346.27734485069317,346.27734485069317,346.27734485069317,0.8333333333333334,0.0006040619991836138,SIMULATED,
1,12,19126,weighted_centroid,5,100.0,216.21727771253444,161.63050929997837,347.93601208164074,352.6717995588497,356.4604295406169,357.40758703605866,0.8333333333333334,0.00025955599994631484,SIMULATED,
1,12,19126,path_loss,5,100.0,367.6479295437606,370.41145140019415,386.13923969981266,391.35644777768624,395.5302142399851,396.5736558555599,0.8333333333333334,0.007940399998915382,SIMULATED,
1,12,19126,extra_trees,5,100.0,434.47309762570103,423.79850107835296,511.3786044225924,531.2602470513742,547.1655611543998,551.1418896801562,0.8333333333333334,0.002362368002650328,SIMULATED,
1,12,19126,gradient_boosting,5,100.0,728.0662586699647,849.8023203871261,888.1068442659541,890.6492097775915,892.6831021869015,893.1915752892289,0.8333333333333334,0.0005375790024118032,SIMULATED,
1,12,19126,temporal_fusion,5,100.0,205.90769525861378,233.75199189428474,279.9968312608756,286.67448527470833,292.01660848577455,293.35213928854114,0.8333333333333334,0.00022824400002718903,SIMULATED,
1,12,19126,gps_oracle_reference,5,100.0,0.0,0.0,0.0,0.0,0.0,0.0,,0.0,SIMULATED_REFERENCE,Ground-truth oracle; never an estimator input.
10,12,19279,strongest_anchor,50,100.0,128.24442485510752,93.56194094976716,352.35619892141494,392.4493906148216,461.9570192835777,488.0308504403171,0.8133333333333334,0.0005592329980572686,SIMULATED,
10,12,19279,weighted_centroid,50,100.0,155.6271522658472,132.55090260687018,308.11908746095537,317.62844413094587,353.4981246925758,382.59758065121406,0.8133333333333334,0.0010829519997059833,SIMULATED,
10,12,19279,path_loss,50,100.0,391.7127494699918,378.0152944131754,504.70539468756107,556.5969871536361,622.1271994312839,622.4051341912073,0.8133333333333334,0.071689698001137,SIMULATED,
10,12,19279,extra_trees,50,100.0,551.2865216095789,548.5533038667431,614.2363280100092,631.8997747332145,663.3674594586843,667.2843194566351,0.8133333333333334,0.003727572999196127,SIMULATED,
10,12,19279,gradient_boosting,50,100.0,533.230277680824,526.9276348186281,650.1671351033872,691.489923417338,777.7306766901243,826.6484904893936,0.8133333333333334,0.0015054460018291138,SIMULATED,
10,12,19279,temporal_fusion,50,100.0,153.4497408674258,131.50597929609938,272.5020581663912,325.08566601081145,366.44860464573367,382.59758065121406,0.8133333333333334,0.0011600290017668158,SIMULATED,
10,12,19279,gps_oracle_reference,50,100.0,0.0,0.0,0.0,0.0,0.0,0.0,,0.0,SIMULATED_REFERENCE,Ground-truth oracle; never an estimator input.
50,12,19959,strongest_anchor,250,100.0,383.6411901828662,372.6040646408925,597.3746770240217,666.0858697253099,707.715123846658,744.4852107932447,0.768,0.0025009070013766177,SIMULATED,
50,12,19959,weighted_centroid,250,100.0,206.88101893875591,187.82190636888862,345.9519259405565,397.70252500709677,529.5451169637615,632.3019967154228,0.768,0.004843878999963636,SIMULATED,
50,12,19959,path_loss,250,100.0,219.7717000439064,209.8875799258049,368.6371186047767,413.9363422475177,509.5145107036342,594.8074151307211,0.768,0.3537497170000279,SIMULATED,
50,12,19959,extra_trees,250,100.0,208.35386599435802,193.27604416140088,387.09827512887364,429.42321831740094,489.40940485753885,576.3083618212399,0.768,0.009713789000670658,SIMULATED,
50,12,19959,gradient_boosting,250,100.0,277.64368924820207,265.37762072012185,441.88111518280687,485.72955911915767,598.9312673658912,654.9567889034407,0.768,0.005405030999099836,SIMULATED,
50,12,19959,temporal_fusion,250,100.0,194.7743431794478,183.32644276263662,325.858349174556,358.05959714311814,475.2678636076039,626.23188684352,0.768,0.005260551999526797,SIMULATED,
50,12,19959,gps_oracle_reference,250,100.0,0.0,0.0,0.0,0.0,0.0,0.0,,0.0,SIMULATED_REFERENCE,Ground-truth oracle; never an estimator input.
100,12,20809,strongest_anchor,500,100.0,186.0387539745844,134.58507867772536,434.56791634926617,510.5004200624855,843.241289638559,858.924110890441,0.7538333333333334,0.004714808997960063,SIMULATED,
100,12,20809,weighted_centroid,500,100.0,137.09539216227103,102.05941938901557,308.6363365373211,352.94148775586825,481.7748177638395,589.085157929713,0.7538333333333334,0.009737036998558324,SIMULATED,
100,12,20809,path_loss,500,100.0,339.46664095357283,334.5703084024709,543.2569120011499,569.0459425960637,615.1841603453189,700.2998147717079,0.7538333333333334,0.7482389469987538,SIMULATED,
100,12,20809,extra_trees,500,100.0,489.70292391135587,450.7909762502702,794.2184973907321,824.4142875994562,871.2586493650866,891.8257536745227,0.7538333333333334,0.015652195001166547,SIMULATED,
100,12,20809,gradient_boosting,500,100.0,476.0167781063984,468.95472621322557,770.2448932129196,800.1155462490228,841.8676693205894,880.9591761141764,0.7538333333333334,0.010578884001006372,SIMULATED,
100,12,20809,temporal_fusion,500,100.0,135.34700387267668,103.69761211162286,301.0248683753294,336.10366928504953,453.130146189183,571.5288128721071,0.7538333333333334,0.010383562002971303,SIMULATED,
100,12,20809,gps_oracle_reference,500,100.0,0.0,0.0,0.0,0.0,0.0,0.0,,0.0,SIMULATED_REFERENCE,Ground-truth oracle; never an estimator input.
500,12,27609,strongest_anchor,2500,100.0,282.5014202794585,249.2439273110018,525.2740517223236,652.9709454856494,782.9033950970311,1047.4030432657503,0.7907333333333333,0.023641420997591922,SIMULATED,
500,12,27609,weighted_centroid,2500,100.0,180.7460612560017,162.41061776957568,334.12581829003886,388.53741235216097,505.1182190376961,667.8890728858744,0.7907333333333333,0.048499012998945545,SIMULATED,
500,12,27609,path_loss,2500,100.0,339.37883687264565,320.7771137977086,600.718273077206,652.2101155678898,721.2599921976674,821.6756972207373,0.7907333333333333,3.6344088459991326,SIMULATED,
500,12,27609,extra_trees,2500,100.0,470.6174056410103,496.0408109219119,743.1552143902741,786.1927887594393,864.5439419452151,908.9276759693112,0.7907333333333333,0.0630790480026917,SIMULATED,
500,12,27609,gradient_boosting,2500,100.0,480.2317937626994,472.6634376356694,741.6001644284936,783.4569137360239,852.5907267266316,976.7596281370777,0.7907333333333333,0.05204952699932619,SIMULATED,
500,12,27609,temporal_fusion,2500,100.0,176.97251993294586,158.95952000530997,323.9150640764173,375.10477967899357,468.9423034257523,639.8697323060584,0.7907333333333333,0.051108165000187,SIMULATED,
500,12,27609,gps_oracle_reference,2500,100.0,0.0,0.0,0.0,0.0,0.0,0.0,,0.0,SIMULATED_REFERENCE,Ground-truth oracle; never an estimator input.
1000,12,36109,strongest_anchor,5000,100.0,239.78931597807087,193.80392244920594,464.8327673740842,582.0422284551798,767.2231176144242,1034.270121921238,0.79285,0.04812386900084675,SIMULATED,
1000,12,36109,weighted_centroid,5000,100.0,159.28295664906113,137.44314959577946,300.4062637205791,352.8893291561313,481.0652630671415,710.4287531137451,0.79285,0.09701597299863352,SIMULATED,
1000,12,36109,path_loss,5000,100.0,335.29895895758176,327.9805976548604,533.8992436522092,589.2392341693313,664.0185029809787,789.5368985050542,0.79285,7.22075199900064,SIMULATED,
1000,12,36109,extra_trees,5000,100.0,481.057771174809,479.8548358247551,738.0319189864773,796.2113824272085,864.3328561798778,990.3658140862739,0.79285,0.11930918099824339,SIMULATED,
1000,12,36109,gradient_boosting,5000,100.0,492.5259486049503,488.5817505110256,733.4949088353412,781.3234776232325,855.0056828455846,1125.8170657727937,0.79285,0.10377221499948064,SIMULATED,
1000,12,36109,temporal_fusion,5000,100.0,155.91833059317983,138.66713935652956,288.1790448986052,338.17480928178855,442.19088853082746,710.4287531137451,0.79285,0.10706339799799025,SIMULATED,
1000,12,36109,gps_oracle_reference,5000,100.0,0.0,0.0,0.0,0.0,0.0,0.0,,0.0,SIMULATED_REFERENCE,Ground-truth oracle; never an estimator input.
1,20,27198,strongest_anchor,5,100.0,96.4237591612086,93.26046954648989,102.75033839064598,105.91362800536467,108.44425969713963,109.07691762008336,0.91,0.0006439780008804519,SIMULATED,
1,20,27198,weighted_centroid,5,100.0,159.25578106239055,158.81811792869837,185.26945758914826,193.77707078810153,200.58316134726414,202.2846839870548,0.91,0.00026734900166047737,SIMULATED,
1,20,27198,path_loss,5,100.0,300.1615201378887,313.5807733143899,327.0292873677376,327.2070857432768,327.34932444370827,327.3848841188161,0.91,0.008017045001906808,SIMULATED,
1,20,27198,extra_trees,5,100.0,631.7253653205161,632.4147597018601,653.2084214779378,659.0649048610268,663.750091567498,664.9213882441157,0.91,0.002546502000768669,SIMULATED,
1,20,27198,gradient_boosting,5,100.0,591.9821890657488,578.6466297028168,626.2711383417927,633.2773892158147,638.8823899150321,640.2836400898366,0.91,0.0005924430006416515,SIMULATED,
1,20,27198,temporal_fusion,5,100.0,159.44992047576994,157.8733197822642,179.0744776303955,179.0945884520432,179.11067710936135,179.1146992736909,0.91,0.00026242700187140144,SIMULATED,
1,20,27198,gps_oracle_reference,5,100.0,0.0,0.0,0.0,0.0,0.0,0.0,,0.0,SIMULATED_REFERENCE,Ground-truth oracle; never an estimator input.
10,20,27351,strongest_anchor,50,100.0,66.68847345926869,56.157656104444285,124.06418742307005,162.4006730665091,188.02499656037796,207.25597262356368,0.854,0.000754437998693902,SIMULATED,
10,20,27351,weighted_centroid,50,100.0,103.25807837171597,92.65575028459935,167.34372708054082,205.3389890934767,282.4571648487173,326.4193382897056,0.854,0.001296031001402298,SIMULATED,
10,20,27351,path_loss,50,100.0,355.6519812835045,353.33858302691556,418.0802120889007,462.38755241951964,518.8087381774127,536.7618806797212,0.854,0.07579682499999763,SIMULATED,
10,20,27351,extra_trees,50,100.0,767.4431666381346,774.6582548962242,820.3110669311042,826.8335915765607,840.4354531144573,840.7384526600514,0.854,0.004451248998520896,SIMULATED,
10,20,27351,gradient_boosting,50,100.0,699.4590888997756,705.3882934397274,750.4185739263157,756.1064054239914,763.0269234337745,765.6852716425456,0.854,0.0017182720002892893,SIMULATED,
10,20,27351,temporal_fusion,50,100.0,100.82371448725945,95.36061531090144,162.2349548978679,179.4826868264983,252.79085682345504,268.25010686762243,0.854,0.0014002970019646455,SIMULATED,
10,20,27351,gps_oracle_reference,50,100.0,0.0,0.0,0.0,0.0,0.0,0.0,,0.0,SIMULATED_REFERENCE,Ground-truth oracle; never an estimator input.
50,20,28031,strongest_anchor,250,100.0,188.759776574401,198.3581185590523,318.46486076971576,411.77642335225346,721.5557324814309,756.6865822266767,0.764,0.0029850440005247947,SIMULATED,
50,20,28031,weighted_centroid,250,100.0,163.5819473607862,130.30667013462187,349.7306315038888,381.638161692896,441.4373895487814,481.46714673873106,0.764,0.005650699000398163,SIMULATED,
50,20,28031,path_loss,250,100.0,309.29046413090555,294.47402925652705,467.70654816580634,513.3109908491765,605.8410621169133,651.6825092496399,0.764,0.3634435750027478,SIMULATED,
50,20,28031,extra_trees,250,100.0,463.6009155418394,480.037292007878,592.2565068036997,625.3248149769114,752.2676624677405,783.9910424643564,0.764,0.011268971000390593,SIMULATED,
50,20,28031,gradient_boosting,250,100.0,430.49459745118565,432.62954543801686,596.6087018236578,637.7977616379098,702.5959153269569,745.0148102443338,0.764,0.006702168000629172,SIMULATED,
50,20,28031,temporal_fusion,250,100.0,159.74433354126072,126.74954468102634,324.14257943916687,365.1423485427913,437.45261394463233,462.33407628889984,0.764,0.006240488000912592,SIMULATED,
50,20,28031,gps_oracle_reference,250,100.0,0.0,0.0,0.0,0.0,0.0,0.0,,0.0,SIMULATED_REFERENCE,Ground-truth oracle; never an estimator input.
100,20,28881,strongest_anchor,500,100.0,142.3072913778414,114.71403762039353,283.9310454995005,357.5948549963634,447.63800998558423,616.7229459599467,0.8331,0.0058873839989246335,SIMULATED,
100,20,28881,weighted_centroid,500,100.0,129.29225145256618,122.07047665415752,234.742877244904,269.18068424659873,313.13423127459936,419.03300022175324,0.8331,0.012161983002442867,SIMULATED,
100,20,28881,path_loss,500,100.0,291.7556115415348,292.4563159094746,368.5677870052542,392.8555330243686,432.08376935323577,514.8967039610569,0.8331,0.7324322729982669,SIMULATED,
100,20,28881,extra_trees,500,100.0,468.6138768183697,563.4275031155763,715.7483357476175,735.7338309221706,758.2356065037247,781.6651961477958,0.8331,0.018837258001440205,SIMULATED,
100,20,28881,gradient_boosting,500,100.0,443.71075825219276,497.1482676098483,653.5141116227095,673.1006311423841,707.9394216856189,722.9205691344481,0.8331,0.01224070600073901,SIMULATED,
100,20,28881,temporal_fusion,500,100.0,128.36366501700272,120.85864872016779,231.46917270666293,259.5571969926196,317.3276537209939,384.9403320958204,0.8331,0.012313033003010787,SIMULATED,
100,20,28881,gps_oracle_reference,500,100.0,0.0,0.0,0.0,0.0,0.0,0.0,,0.0,SIMULATED_REFERENCE,Ground-truth oracle; never an estimator input.
500,20,35681,strongest_anchor,2500,100.0,180.1826706009752,151.03275132191365,335.53685109913545,436.43870911680807,594.8609220946181,726.0336689604707,0.81926,0.030862591000186512,SIMULATED,
500,20,35681,weighted_centroid,2500,100.0,124.827368243707,107.57535025831022,239.7109700882528,281.6329170982432,366.8195870072865,566.991903195243,0.81926,0.058377407000079984,SIMULATED,
500,20,35681,path_loss,2500,100.0,279.4192249438615,279.38811939315906,420.2628867308679,463.11863636336466,526.0220087908903,698.57047442625,0.81926,3.5720464599980914,SIMULATED,
500,20,35681,extra_trees,2500,100.0,378.0193435279219,341.851608125326,669.9686773167965,711.6901949720453,794.245300928552,855.5081163426198,0.81926,0.07958360300108325,SIMULATED,
500,20,35681,gradient_boosting,2500,100.0,348.2017830714899,338.08911139880615,590.0957165656056,641.6526203514981,703.873157508139,800.4450581088273,0.81926,0.06398887199975434,SIMULATED,
500,20,35681,temporal_fusion,2500,100.0,123.06615187032975,106.96436729013685,235.66426321680285,274.2234319334332,347.1598830181666,566.991903195243,0.81926,0.06439242999840644,SIMULATED,
500,20,35681,gps_oracle_reference,2500,100.0,0.0,0.0,0.0,0.0,0.0,0.0,,0.0,SIMULATED_REFERENCE,Ground-truth oracle; never an estimator input.
1000,20,44181,strongest_anchor,5000,100.0,147.91692805105882,118.8623065698829,283.83456471566984,338.5565134317764,523.9103460225006,849.3539705887862,0.81408,0.06347725099840318,SIMULATED,
1000,20,44181,weighted_centroid,5000,100.0,139.1702510233645,123.89487293130553,259.95927753377794,297.0609838780378,400.0197826482372,599.8197751299164,0.81408,0.11720342899934622,SIMULATED,
1000,20,44181,path_loss,5000,100.0,297.6684271571057,286.34251040157113,460.4105508034693,511.45789868543085,587.1674145754768,778.9082860610157,0.81408,7.243220102001942,SIMULATED,
1000,20,44181,extra_trees,5000,100.0,342.3065619489207,307.8873310823037,606.861058147091,661.079106463397,735.1708698835347,900.0049092957213,0.81408,0.15131216200097697,SIMULATED,
1000,20,44181,gradient_boosting,5000,100.0,342.60636594383817,325.08808502248945,564.3851312215915,610.0297321411289,672.7239939013069,834.5302646663037,0.81408,0.1265750160018797,SIMULATED,
1000,20,44181,temporal_fusion,5000,100.0,138.19343364219824,124.98298145036242,257.0393459454132,293.78613910576235,365.08355375444455,599.8197751299164,0.81408,0.20694989700132282,SIMULATED,
1000,20,44181,gps_oracle_reference,5000,100.0,0.0,0.0,0.0,0.0,0.0,0.0,,0.0,SIMULATED_REFERENCE,Ground-truth oracle; never an estimator input.
