scenario,anchor_count,animal_count,method,samples,coverage_pct,mean_error_m,median_error_m,p90_error_m,p95_error_m,p99_error_m,max_error_m,packet_delivery_ratio,movement_profile,evidence
LOS,4,100,strongest_anchor,500,100.0,512.2731991006748,512.1954298431399,704.9409061509408,736.2488820930917,819.301491301923,1021.4274116507169,0.7605,behavior_driven_mixed_herd,SIMULATED
LOS,4,100,weighted_centroid,500,100.0,228.3025846205097,189.01362343534032,431.03780003177724,515.7994863473499,700.8759799594401,795.9726221115387,0.7605,behavior_driven_mixed_herd,SIMULATED
LOS,4,100,path_loss,417,83.39999999999999,250.37567656860594,217.8658602286759,424.20058548258015,461.9606181567909,621.7321510237186,912.9552779454552,0.7605,behavior_driven_mixed_herd,SIMULATED
LOS,4,100,temporal_fusion,500,100.0,209.821669801044,183.60159679038685,380.24243688915755,453.07672469200173,577.0442282327759,788.1633086501074,0.7605,behavior_driven_mixed_herd,SIMULATED
NLOS_25pct,4,100,strongest_anchor,500,100.0,532.2996903094809,521.2974411816169,726.3471774617193,762.3956969655208,840.6617540653439,1021.4274116507169,0.715,behavior_driven_mixed_herd,SIMULATED
NLOS_25pct,4,100,weighted_centroid,500,100.0,293.21784894128956,282.6688895187653,517.9316086454609,592.0450783777967,736.270229342418,808.549493412404,0.715,behavior_driven_mixed_herd,SIMULATED
NLOS_25pct,4,100,path_loss,372,74.4,253.29641186306074,219.29627639116666,435.0434443818425,497.1667747495665,619.209463280006,730.3720943931911,0.715,behavior_driven_mixed_herd,SIMULATED
NLOS_25pct,4,100,temporal_fusion,500,100.0,254.05862577574655,229.71642119331761,443.3324553546559,513.998066341214,662.5687372302649,842.9836425551324,0.715,behavior_driven_mixed_herd,SIMULATED
PACKET_LOSS_50pct,4,100,strongest_anchor,449,89.8,604.0661684746078,563.091817024177,905.0244357455757,997.7848945536703,1059.954802943454,1225.617257180541,0.3955,behavior_driven_mixed_herd,SIMULATED
PACKET_LOSS_50pct,4,100,weighted_centroid,449,89.8,500.44623476255225,482.9167834546758,893.8722703361982,987.6671008950069,1059.954802943454,1225.617257180541,0.3955,behavior_driven_mixed_herd,SIMULATED
PACKET_LOSS_50pct,4,100,path_loss,80,16.0,307.7555370086992,252.56273697577586,566.9782745771046,623.7160139122723,696.395774881503,737.841675056653,0.3955,behavior_driven_mixed_herd,SIMULATED
PACKET_LOSS_50pct,4,100,temporal_fusion,488,97.6,411.5925275556281,388.82396236376076,687.606595895882,849.6974937572936,1017.0567468090067,1139.1394390749804,0.3955,behavior_driven_mixed_herd,SIMULATED
ANCHOR_DOWN,4,100,strongest_anchor,498,99.6,502.9625097979386,504.9038418080691,701.6133977468533,764.3089057784389,953.6855555698627,1031.4732515157157,0.8206666666666667,behavior_driven_mixed_herd,SIMULATED
ANCHOR_DOWN,4,100,weighted_centroid,498,99.6,313.1409465282471,301.52947484925687,511.5192645444404,559.8421682113236,952.7721195102488,1031.4732515157157,0.8206666666666667,behavior_driven_mixed_herd,SIMULATED
ANCHOR_DOWN,4,100,path_loss,268,53.6,326.26630516564995,268.1520968679889,559.7883299593647,705.3121608865038,777.2076398794183,856.2354305564197,0.8206666666666667,behavior_driven_mixed_herd,SIMULATED
ANCHOR_DOWN,4,100,temporal_fusion,500,100.0,295.5909434110542,294.99040404862967,490.7982446215152,529.456954361056,627.9660577788844,1031.4732515157157,0.8206666666666667,behavior_driven_mixed_herd,SIMULATED
CORRUPT_ANCHOR,4,100,strongest_anchor,500,100.0,687.1852419166404,698.2288415012076,956.0116384029557,1032.682980321893,1085.3270432803283,1097.3808507088204,0.7605,behavior_driven_mixed_herd,SIMULATED
CORRUPT_ANCHOR,4,100,weighted_centroid,500,100.0,524.1667181557384,642.0219816552906,756.5599812653583,829.7514933095717,929.4954873927044,978.3008240493723,0.7605,behavior_driven_mixed_herd,SIMULATED
CORRUPT_ANCHOR,4,100,path_loss,417,83.39999999999999,256.2210314597328,219.45964709003474,437.69966049148985,505.8986672881065,703.518541964248,857.0681902698171,0.7605,behavior_driven_mixed_herd,SIMULATED
CORRUPT_ANCHOR,4,100,temporal_fusion,500,100.0,498.2876291738811,621.0149943514226,757.5004437777524,819.578262330608,917.2626340414823,968.1010386277242,0.7605,behavior_driven_mixed_herd,SIMULATED
CLOCK_DRIFT_250ms,4,100,strongest_anchor,500,100.0,511.9548359846054,512.1685772199874,704.9409061509408,736.2488820930917,819.301491301923,1021.4274116507169,0.7605,behavior_driven_mixed_herd,SIMULATED
CLOCK_DRIFT_250ms,4,100,weighted_centroid,500,100.0,228.3025846205097,189.01362343534035,431.03780003177724,515.7994863473499,700.8759799594401,795.9726221115387,0.7605,behavior_driven_mixed_herd,SIMULATED
CLOCK_DRIFT_250ms,4,100,path_loss,417,83.39999999999999,250.37567815662706,217.8658666823359,424.2005886287501,461.96073327564056,621.732150019723,912.9552779454552,0.7605,behavior_driven_mixed_herd,SIMULATED
CLOCK_DRIFT_250ms,4,100,temporal_fusion,500,100.0,209.82166980104398,183.60159679038688,380.24243688915755,453.07672469200173,577.0442282327759,788.1633086501073,0.7605,behavior_driven_mixed_herd,SIMULATED
LOS,8,100,strongest_anchor,500,100.0,272.4211708327922,215.94900507316999,488.8050301285396,533.2000142317106,685.7110313208057,892.2219322573807,0.791,behavior_driven_mixed_herd,SIMULATED
LOS,8,100,weighted_centroid,500,100.0,134.6149487508914,116.32267652474897,247.00900401516995,302.3535524759064,365.9675553315135,630.4438057150165,0.791,behavior_driven_mixed_herd,SIMULATED
LOS,8,100,path_loss,500,100.0,229.0589272252638,229.15977179985958,381.40524084693016,426.87293116222094,518.9506896417411,595.7582525795289,0.791,behavior_driven_mixed_herd,SIMULATED
LOS,8,100,temporal_fusion,500,100.0,127.99619459029643,110.58251475239345,234.43405079234654,288.45891437699936,333.6299889493552,414.5412427316764,0.791,behavior_driven_mixed_herd,SIMULATED
NLOS_25pct,8,100,strongest_anchor,500,100.0,309.8389558665586,253.5446371047584,533.1944762824435,604.1052707747259,776.7243243099035,979.223135747753,0.74275,behavior_driven_mixed_herd,SIMULATED
NLOS_25pct,8,100,weighted_centroid,500,100.0,167.07151960721666,140.14533090405476,313.68248222436404,352.32606912258194,490.356820605514,624.8435841325341,0.74275,behavior_driven_mixed_herd,SIMULATED
NLOS_25pct,8,100,path_loss,499,99.8,236.703466043442,228.95933044596416,390.64970699026543,449.23132562519703,577.2277921619526,644.0212762693734,0.74275,behavior_driven_mixed_herd,SIMULATED
NLOS_25pct,8,100,temporal_fusion,500,100.0,154.06548711215157,135.63771896415295,279.3104772430379,332.00908778350316,380.2972798664674,490.2619487182742,0.74275,behavior_driven_mixed_herd,SIMULATED
PACKET_LOSS_50pct,8,100,strongest_anchor,491,98.2,400.0563347167677,393.49995264894096,647.9758339706757,771.0868406656523,959.4235773399366,1014.2822760823652,0.42,behavior_driven_mixed_herd,SIMULATED
PACKET_LOSS_50pct,8,100,weighted_centroid,491,98.2,290.59520744567624,247.1590458930234,556.169325219759,645.5667067211796,904.452778635381,979.4546776645199,0.42,behavior_driven_mixed_herd,SIMULATED
PACKET_LOSS_50pct,8,100,path_loss,370,74.0,343.32558449638793,335.6557718351643,540.1386900440874,644.0192610219362,791.3633544506142,874.4906421969341,0.42,behavior_driven_mixed_herd,SIMULATED
PACKET_LOSS_50pct,8,100,temporal_fusion,496,99.2,235.12516420165633,215.37895184914336,410.69772084762025,493.0614653233397,735.9238914208673,899.6119293485791,0.42,behavior_driven_mixed_herd,SIMULATED
ANCHOR_DOWN,8,100,strongest_anchor,500,100.0,288.9098212812978,225.54850298785652,534.1667682168525,574.6956427862893,685.3583913344933,872.2158615571813,0.8588571428571429,behavior_driven_mixed_herd,SIMULATED
ANCHOR_DOWN,8,100,weighted_centroid,500,100.0,140.12018455351017,120.33858000844147,257.3236511724466,320.8560159573575,394.5443343533696,469.5806308023376,0.8588571428571429,behavior_driven_mixed_herd,SIMULATED
ANCHOR_DOWN,8,100,path_loss,500,100.0,225.5852234327932,226.95596178759095,370.5646404589282,412.57403533815165,487.47021339771646,541.563989595968,0.8588571428571429,behavior_driven_mixed_herd,SIMULATED
ANCHOR_DOWN,8,100,temporal_fusion,500,100.0,133.46592781842574,117.84866082370777,238.15763440252957,311.5645901032852,363.44175211479654,420.7333754813257,0.8588571428571429,behavior_driven_mixed_herd,SIMULATED
CORRUPT_ANCHOR,8,100,strongest_anchor,500,100.0,413.6377439211466,256.200424400242,981.358684656518,1025.432064840805,1128.8568173480078,1135.26484786167,0.791,behavior_driven_mixed_herd,SIMULATED
CORRUPT_ANCHOR,8,100,weighted_centroid,500,100.0,219.27685331471125,149.35811157410936,508.7441709302771,611.8280357323437,783.2183363672298,876.6462893410962,0.791,behavior_driven_mixed_herd,SIMULATED
CORRUPT_ANCHOR,8,100,path_loss,500,100.0,230.31983518781098,230.4935462085828,385.1765862502244,426.88149141290273,519.0013159265516,635.1106207285704,0.791,behavior_driven_mixed_herd,SIMULATED
CORRUPT_ANCHOR,8,100,temporal_fusion,500,100.0,210.78980208314195,151.24468196708423,490.9301909820022,585.4981440395318,809.6817496945242,878.7343743578185,0.791,behavior_driven_mixed_herd,SIMULATED
CLOCK_DRIFT_250ms,8,100,strongest_anchor,500,100.0,272.4211708327922,215.94900507316999,488.8050301285396,533.2000142317106,685.7110313208057,892.2219322573807,0.791,behavior_driven_mixed_herd,SIMULATED
CLOCK_DRIFT_250ms,8,100,weighted_centroid,500,100.0,134.6149487508914,116.32267652474886,247.00900401516995,302.3535524759064,365.9675553315135,630.4438057150165,0.791,behavior_driven_mixed_herd,SIMULATED
CLOCK_DRIFT_250ms,8,100,path_loss,500,100.0,229.05891834663345,229.15977286005128,381.4052392006658,426.8729309866152,518.9506874946397,595.7582531754543,0.791,behavior_driven_mixed_herd,SIMULATED
CLOCK_DRIFT_250ms,8,100,temporal_fusion,500,100.0,127.99619459029644,110.58251475239354,234.43405079234662,288.4589143769995,333.6299889493552,414.5412427316763,0.791,behavior_driven_mixed_herd,SIMULATED
LOS,12,100,strongest_anchor,500,100.0,194.92940611184983,167.76325582969645,357.3313698391659,382.9059922285942,630.9805687004352,780.1567277330985,0.7846666666666666,behavior_driven_mixed_herd,SIMULATED
LOS,12,100,weighted_centroid,500,100.0,126.37297299608944,116.78784177693832,210.5742073497819,240.80516822011404,349.66463214775763,441.54757652555315,0.7846666666666666,behavior_driven_mixed_herd,SIMULATED
LOS,12,100,path_loss,500,100.0,352.41267274810815,351.7054578777949,475.6666201163994,492.6741688825081,567.7691077734129,621.0283255935144,0.7846666666666666,behavior_driven_mixed_herd,SIMULATED
LOS,12,100,temporal_fusion,500,100.0,123.72383744827503,117.27068361966569,207.35744192781976,233.8734921166095,303.77997913520556,374.8934475856853,0.7846666666666666,behavior_driven_mixed_herd,SIMULATED
NLOS_25pct,12,100,strongest_anchor,500,100.0,230.18277576186492,184.17341037493367,413.85490869718296,552.0410331477045,723.7551389751898,825.7199427216996,0.7428333333333333,behavior_driven_mixed_herd,SIMULATED
NLOS_25pct,12,100,weighted_centroid,500,100.0,147.5632934104725,129.9510678947688,270.3273429720254,336.55667731180415,420.76039128144475,502.3367176779386,0.7428333333333333,behavior_driven_mixed_herd,SIMULATED
NLOS_25pct,12,100,path_loss,500,100.0,299.5912588136604,296.38699861580596,458.1392245266438,491.58681044306906,567.8096509148738,637.759456177074,0.7428333333333333,behavior_driven_mixed_herd,SIMULATED
NLOS_25pct,12,100,temporal_fusion,500,100.0,142.01233430338644,129.76291133650736,247.9505493124896,289.2351544061917,367.6385435994054,500.8789626204011,0.7428333333333333,behavior_driven_mixed_herd,SIMULATED
PACKET_LOSS_50pct,12,100,strongest_anchor,500,100.0,312.5828069506027,286.35031852686393,624.2146331344921,715.2952078094054,883.9927006111457,1030.3542778591534,0.42083333333333334,behavior_driven_mixed_herd,SIMULATED
PACKET_LOSS_50pct,12,100,weighted_centroid,500,100.0,227.85748814245744,181.88183432579663,466.2452893655984,590.973395294059,729.0698114401946,931.5958397779406,0.42083333333333334,behavior_driven_mixed_herd,SIMULATED
PACKET_LOSS_50pct,12,100,path_loss,463,92.60000000000001,373.19793368857455,382.700244779351,554.9769126858782,636.4140664012237,761.6342247262247,829.2410380205457,0.42083333333333334,behavior_driven_mixed_herd,SIMULATED
PACKET_LOSS_50pct,12,100,temporal_fusion,500,100.0,203.7145923200831,178.34621553972713,381.0894222661385,442.39618948207425,641.1621713849651,728.6861293182207,0.42083333333333334,behavior_driven_mixed_herd,SIMULATED
ANCHOR_DOWN,12,100,strongest_anchor,500,100.0,200.6611899434567,170.73057141481593,357.3313698391659,403.57858212029356,695.1375237683112,826.8413486575283,0.7961818181818182,behavior_driven_mixed_herd,SIMULATED
ANCHOR_DOWN,12,100,weighted_centroid,500,100.0,125.78984359770155,111.72140681896853,225.1217703636086,257.1611499352273,345.516597368707,533.6302927431309,0.7961818181818182,behavior_driven_mixed_herd,SIMULATED
ANCHOR_DOWN,12,100,path_loss,500,100.0,325.1839927917636,330.0085581341067,436.0253385886841,479.65928154265015,555.5516167290536,592.2875742243243,0.7961818181818182,behavior_driven_mixed_herd,SIMULATED
ANCHOR_DOWN,12,100,temporal_fusion,500,100.0,123.50259626761499,111.5430460720343,214.83202092850811,237.7739132519066,308.3128079344007,533.6302927431309,0.7961818181818182,behavior_driven_mixed_herd,SIMULATED
CORRUPT_ANCHOR,12,100,strongest_anchor,500,100.0,572.1457280917692,612.0603764943264,889.2948827716287,896.2363544955992,952.5214352390758,1131.6974236216543,0.7846666666666666,behavior_driven_mixed_herd,SIMULATED
CORRUPT_ANCHOR,12,100,weighted_centroid,500,100.0,429.0741267975572,480.96715682934325,674.1021865274006,719.3562043169294,788.9045973670496,908.5866946869876,0.7846666666666666,behavior_driven_mixed_herd,SIMULATED
CORRUPT_ANCHOR,12,100,path_loss,500,100.0,352.69847729742423,351.7222904832508,475.6725133365385,492.67521549211847,555.9831900902371,596.9958629551398,0.7846666666666666,behavior_driven_mixed_herd,SIMULATED
CORRUPT_ANCHOR,12,100,temporal_fusion,500,100.0,427.7239817304751,474.4640287041785,665.0803829583733,719.3090138866422,795.0693136579796,857.4993482475147,0.7846666666666666,behavior_driven_mixed_herd,SIMULATED
CLOCK_DRIFT_250ms,12,100,strongest_anchor,500,100.0,194.92940611184983,167.76325582969645,357.3313698391659,382.9059922285942,630.9805687004352,780.1567277330985,0.7846666666666666,behavior_driven_mixed_herd,SIMULATED
CLOCK_DRIFT_250ms,12,100,weighted_centroid,500,100.0,126.37297299608943,116.78784177693808,210.57420734978177,240.8051682201141,349.6646321477575,441.54757652555315,0.7846666666666666,behavior_driven_mixed_herd,SIMULATED
CLOCK_DRIFT_250ms,12,100,path_loss,500,100.0,352.41267902174116,351.70545767292833,475.6666198085364,492.6741703725635,567.7691128768855,621.0283255084703,0.7846666666666666,behavior_driven_mixed_herd,SIMULATED
CLOCK_DRIFT_250ms,12,100,temporal_fusion,500,100.0,123.72383744827503,117.27068361966568,207.35744192781974,233.8734921166095,303.7799791352055,374.8934475856853,0.7846666666666666,behavior_driven_mixed_herd,SIMULATED
LOS,20,100,strongest_anchor,500,100.0,137.62924883606223,95.70833890921865,317.4495510440642,347.1116670771217,561.5226553863776,635.6160974653268,0.9015,behavior_driven_mixed_herd,SIMULATED
LOS,20,100,weighted_centroid,500,100.0,103.82723787991,96.03146034313811,187.37014362456074,226.27755067393042,279.68270635912097,308.58575291706865,0.9015,behavior_driven_mixed_herd,SIMULATED
LOS,20,100,path_loss,500,100.0,183.07202219426074,195.30211623929057,289.8841969301975,312.719512453454,348.53251187774356,401.5201114320597,0.9015,behavior_driven_mixed_herd,SIMULATED
LOS,20,100,temporal_fusion,500,100.0,102.81020336894179,96.03898908390478,184.54683042554132,220.62751786830322,276.0191732338026,297.12519096272473,0.9015,behavior_driven_mixed_herd,SIMULATED
NLOS_25pct,20,100,strongest_anchor,500,100.0,160.4156233704621,117.67052460269747,337.6438835292894,381.51532104374894,588.1674335020105,653.8228889018765,0.8494,behavior_driven_mixed_herd,SIMULATED
NLOS_25pct,20,100,weighted_centroid,500,100.0,111.98735967894271,103.38110179834672,212.24471629223154,251.68817560615128,301.98904354550507,349.3237031636366,0.8494,behavior_driven_mixed_herd,SIMULATED
NLOS_25pct,20,100,path_loss,500,100.0,172.31151569605814,168.97002316060266,290.31764405720156,316.22013560349154,354.0646348923037,398.08184566518855,0.8494,behavior_driven_mixed_herd,SIMULATED
NLOS_25pct,20,100,temporal_fusion,500,100.0,108.3291129814687,96.30176353151433,205.4566809608767,238.995525947596,297.093277118382,349.3237031636366,0.8494,behavior_driven_mixed_herd,SIMULATED
PACKET_LOSS_50pct,20,100,strongest_anchor,500,100.0,210.89145175179166,169.97661581788032,409.0693977864147,530.6368877266441,635.6160974653268,795.0466899052626,0.4742,behavior_driven_mixed_herd,SIMULATED
PACKET_LOSS_50pct,20,100,weighted_centroid,500,100.0,144.96310325521554,127.35868980771833,271.47153192563593,317.98500733048365,493.14914098083085,537.4898144817538,0.4742,behavior_driven_mixed_herd,SIMULATED
PACKET_LOSS_50pct,20,100,path_loss,500,100.0,224.8241977981814,220.51926969215526,365.905620804237,399.9576192624346,452.685392467341,757.0419719302474,0.4742,behavior_driven_mixed_herd,SIMULATED
PACKET_LOSS_50pct,20,100,temporal_fusion,500,100.0,131.73051131335137,117.42002280575514,252.49860738835187,308.010485928759,373.7789972027597,537.4898144817538,0.4742,behavior_driven_mixed_herd,SIMULATED
ANCHOR_DOWN,20,100,strongest_anchor,500,100.0,124.60983186943524,96.95357284441017,273.68776509035735,337.7982699336833,383.03037479267425,408.7415907302386,0.8907368421052632,behavior_driven_mixed_herd,SIMULATED
ANCHOR_DOWN,20,100,weighted_centroid,500,100.0,98.15566764179472,88.8058627959338,181.2848320997382,200.63739815661768,229.96841973421795,268.8064671684034,0.8907368421052632,behavior_driven_mixed_herd,SIMULATED
ANCHOR_DOWN,20,100,path_loss,500,100.0,181.23752037271694,186.4587269782446,304.1434588165078,322.439795608688,353.11596688418774,387.7308178105199,0.8907368421052632,behavior_driven_mixed_herd,SIMULATED
ANCHOR_DOWN,20,100,temporal_fusion,500,100.0,96.55272077887413,86.83284765385991,183.7468064618325,196.78743489653868,230.11361878030542,244.37543078936304,0.8907368421052632,behavior_driven_mixed_herd,SIMULATED
CORRUPT_ANCHOR,20,100,strongest_anchor,500,100.0,548.3452319574446,658.6530086169779,785.0662746864139,812.3511195190955,854.7587749748108,883.0993838595592,0.9015,behavior_driven_mixed_herd,SIMULATED
CORRUPT_ANCHOR,20,100,weighted_centroid,500,100.0,384.6238532497373,374.5299906570283,583.9650422609136,634.0459210378667,710.3655657046874,732.8626164176255,0.9015,behavior_driven_mixed_herd,SIMULATED
CORRUPT_ANCHOR,20,100,path_loss,500,100.0,184.47896226242307,196.41023364942487,292.2378090039334,320.2925648210819,348.6730100225801,401.62866153979365,0.9015,behavior_driven_mixed_herd,SIMULATED
CORRUPT_ANCHOR,20,100,temporal_fusion,500,100.0,383.97664410547276,366.61655402589656,580.8661900101886,626.7303948893682,710.4227236263184,730.8367921265414,0.9015,behavior_driven_mixed_herd,SIMULATED
CLOCK_DRIFT_250ms,20,100,strongest_anchor,500,100.0,137.62924883606223,95.70833890921865,317.4495510440642,347.1116670771217,561.5226553863776,635.6160974653268,0.9015,behavior_driven_mixed_herd,SIMULATED
CLOCK_DRIFT_250ms,20,100,weighted_centroid,500,100.0,103.82723787990999,96.03146034313812,187.37014362456074,226.27755067393053,279.682706359121,308.58575291706865,0.9015,behavior_driven_mixed_herd,SIMULATED
CLOCK_DRIFT_250ms,20,100,path_loss,500,100.0,183.07202133708302,195.30211770151695,289.88421348069875,312.7195118455372,348.53251234983117,401.52011095040893,0.9015,behavior_driven_mixed_herd,SIMULATED
CLOCK_DRIFT_250ms,20,100,temporal_fusion,500,100.0,102.8102033689418,96.03898908390474,184.54683042554132,220.62751786830333,276.0191732338026,297.12519096272473,0.9015,behavior_driven_mixed_herd,SIMULATED
