timestamp_s,tag_id,x,y
0.0,tag-0001,313.65843741792264,136.67109491959857
0.0,tag-0002,313.4951181277712,162.47311282904863
0.0,tag-0003,370.49232338319734,162.04979666943103
0.0,tag-0004,363.66029313635613,176.37549442340676
0.0,tag-0005,346.62008289842476,173.2959856417894
0.0,tag-0006,379.7132259231764,131.79893977041235
0.0,tag-0007,337.5778344656222,148.78314605143558
0.0,tag-0008,317.6458823252897,175.19344222792952
0.0,tag-0009,294.0815841942159,228.13803820452034
0.0,tag-0010,267.8616021228786,119.34185046087214
0.0,tag-0011,308.3506642708198,146.06021400526743
0.0,tag-0012,342.40197527798165,216.23234146193295
0.0,tag-0013,300.4062008801681,205.7906330949976
0.0,tag-0014,299.21132877036666,227.0053479563926
0.0,tag-0015,326.0141109344306,209.63013591582012
0.0,tag-0016,375.32856923665946,99.44226824055386
0.0,tag-0017,346.2153153371288,148.04657865251892
0.0,tag-0018,324.99172715987453,125.03589729534862
0.0,tag-0019,388.65964842682945,167.15013909017728
0.0,tag-0020,241.47888118732192,110.16641517578701
30.0,tag-0001,313.65843741792264,136.67109491959857
30.0,tag-0002,313.4951181277712,162.47311282904863
30.0,tag-0003,370.49232338319734,162.04979666943103
30.0,tag-0004,363.66029313635613,176.37549442340676
30.0,tag-0005,346.62008289842476,173.2959856417894
30.0,tag-0006,379.7132259231764,131.79893977041235
30.0,tag-0007,337.5778344656222,148.78314605143558
30.0,tag-0008,317.6458823252897,175.19344222792952
30.0,tag-0009,294.0815841942159,228.13803820452034
30.0,tag-0010,267.8616021228786,119.34185046087214
30.0,tag-0011,308.3506642708198,146.06021400526743
30.0,tag-0012,342.40197527798165,216.23234146193295
30.0,tag-0013,300.4062008801681,205.7906330949976
30.0,tag-0014,299.21132877036666,227.0053479563926
30.0,tag-0015,326.0141109344306,209.63013591582012
30.0,tag-0016,375.32856923665946,99.44226824055386
30.0,tag-0017,346.2153153371288,148.04657865251892
30.0,tag-0018,324.99172715987453,125.03589729534862
30.0,tag-0019,388.65964842682945,167.15013909017728
30.0,tag-0020,241.47888118732192,110.16641517578701
60.0,tag-0001,313.65843741792264,136.67109491959857
60.0,tag-0002,313.4951181277712,162.47311282904863
60.0,tag-0003,370.49232338319734,162.04979666943103
60.0,tag-0004,363.66029313635613,176.37549442340676
60.0,tag-0005,346.62008289842476,173.2959856417894
60.0,tag-0006,379.7132259231764,131.79893977041235
60.0,tag-0007,337.5778344656222,148.78314605143558
60.0,tag-0008,317.6458823252897,175.19344222792952
60.0,tag-0009,294.0815841942159,228.13803820452034
60.0,tag-0010,267.8616021228786,119.34185046087214
60.0,tag-0011,308.3506642708198,146.06021400526743
60.0,tag-0012,342.40197527798165,216.23234146193295
60.0,tag-0013,300.4062008801681,205.7906330949976
60.0,tag-0014,299.21132877036666,227.0053479563926
60.0,tag-0015,326.0141109344306,209.63013591582012
60.0,tag-0016,375.32856923665946,99.44226824055386
60.0,tag-0017,346.2153153371288,148.04657865251892
60.0,tag-0018,324.99172715987453,125.03589729534862
60.0,tag-0019,388.65964842682945,167.15013909017728
60.0,tag-0020,241.47888118732192,110.16641517578701
90.0,tag-0001,313.65843741792264,136.67109491959857
90.0,tag-0002,313.4951181277712,162.47311282904863
90.0,tag-0003,370.49232338319734,162.04979666943103
90.0,tag-0004,363.66029313635613,176.37549442340676
90.0,tag-0005,346.62008289842476,173.2959856417894
90.0,tag-0006,379.7132259231764,131.79893977041235
90.0,tag-0007,337.5778344656222,148.78314605143558
90.0,tag-0008,317.6458823252897,175.19344222792952
90.0,tag-0009,294.0815841942159,228.13803820452034
90.0,tag-0010,267.8616021228786,119.34185046087214
90.0,tag-0011,308.3506642708198,146.06021400526743
90.0,tag-0012,342.40197527798165,216.23234146193295
90.0,tag-0013,300.4062008801681,205.7906330949976
90.0,tag-0014,299.21132877036666,227.0053479563926
90.0,tag-0015,326.0141109344306,209.63013591582012
90.0,tag-0016,375.32856923665946,99.44226824055386
90.0,tag-0017,346.2153153371288,148.04657865251892
90.0,tag-0018,324.99172715987453,125.03589729534862
90.0,tag-0019,388.65964842682945,167.15013909017728
90.0,tag-0020,241.47888118732192,110.16641517578701
120.0,tag-0001,313.65843741792264,136.67109491959857
120.0,tag-0002,313.4951181277712,162.47311282904863
120.0,tag-0003,370.49232338319734,162.04979666943103
120.0,tag-0004,363.66029313635613,176.37549442340676
120.0,tag-0005,346.62008289842476,173.2959856417894
120.0,tag-0006,379.7132259231764,131.79893977041235
120.0,tag-0007,337.5778344656222,148.78314605143558
120.0,tag-0008,317.6458823252897,175.19344222792952
120.0,tag-0009,294.0815841942159,228.13803820452034
120.0,tag-0010,267.8616021228786,119.34185046087214
120.0,tag-0011,308.3506642708198,146.06021400526743
120.0,tag-0012,342.40197527798165,216.23234146193295
120.0,tag-0013,300.4062008801681,205.7906330949976
120.0,tag-0014,299.21132877036666,227.0053479563926
120.0,tag-0015,326.0141109344306,209.63013591582012
120.0,tag-0016,375.32856923665946,99.44226824055386
120.0,tag-0017,346.2153153371288,148.04657865251892
120.0,tag-0018,324.99172715987453,125.03589729534862
120.0,tag-0019,388.65964842682945,167.15013909017728
120.0,tag-0020,241.47888118732192,110.16641517578701
150.0,tag-0001,313.65843741792264,136.67109491959857
150.0,tag-0002,313.4951181277712,162.47311282904863
150.0,tag-0003,370.49232338319734,162.04979666943103
150.0,tag-0004,363.66029313635613,176.37549442340676
150.0,tag-0005,346.62008289842476,173.2959856417894
150.0,tag-0006,379.7132259231764,131.79893977041235
150.0,tag-0007,337.5778344656222,148.78314605143558
150.0,tag-0008,317.6458823252897,175.19344222792952
150.0,tag-0009,294.0815841942159,228.13803820452034
150.0,tag-0010,267.8616021228786,119.34185046087214
150.0,tag-0011,308.3506642708198,146.06021400526743
150.0,tag-0012,342.40197527798165,216.23234146193295
150.0,tag-0013,300.4062008801681,205.7906330949976
150.0,tag-0014,299.21132877036666,227.0053479563926
150.0,tag-0015,326.0141109344306,209.63013591582012
150.0,tag-0016,375.32856923665946,99.44226824055386
150.0,tag-0017,346.2153153371288,148.04657865251892
150.0,tag-0018,324.99172715987453,125.03589729534862
150.0,tag-0019,388.65964842682945,167.15013909017728
150.0,tag-0020,241.47888118732192,110.16641517578701
180.0,tag-0001,313.65843741792264,136.67109491959857
180.0,tag-0002,313.4951181277712,162.47311282904863
180.0,tag-0003,370.49232338319734,162.04979666943103
180.0,tag-0004,363.66029313635613,176.37549442340676
180.0,tag-0005,346.62008289842476,173.2959856417894
180.0,tag-0006,379.7132259231764,131.79893977041235
180.0,tag-0007,337.5778344656222,148.78314605143558
180.0,tag-0008,317.6458823252897,175.19344222792952
180.0,tag-0009,294.0815841942159,228.13803820452034
180.0,tag-0010,267.8616021228786,119.34185046087214
180.0,tag-0011,308.3506642708198,146.06021400526743
180.0,tag-0012,342.40197527798165,216.23234146193295
180.0,tag-0013,300.4062008801681,205.7906330949976
180.0,tag-0014,299.21132877036666,227.0053479563926
180.0,tag-0015,326.0141109344306,209.63013591582012
180.0,tag-0016,375.32856923665946,99.44226824055386
180.0,tag-0017,346.2153153371288,148.04657865251892
180.0,tag-0018,324.99172715987453,125.03589729534862
180.0,tag-0019,388.65964842682945,167.15013909017728
180.0,tag-0020,241.47888118732192,110.16641517578701
210.0,tag-0001,313.65843741792264,136.67109491959857
210.0,tag-0002,313.4951181277712,162.47311282904863
210.0,tag-0003,370.49232338319734,162.04979666943103
210.0,tag-0004,363.66029313635613,176.37549442340676
210.0,tag-0005,346.62008289842476,173.2959856417894
210.0,tag-0006,379.7132259231764,131.79893977041235
210.0,tag-0007,337.5778344656222,148.78314605143558
210.0,tag-0008,317.6458823252897,175.19344222792952
210.0,tag-0009,294.0815841942159,228.13803820452034
210.0,tag-0010,267.8616021228786,119.34185046087214
210.0,tag-0011,308.3506642708198,146.06021400526743
210.0,tag-0012,342.40197527798165,216.23234146193295
210.0,tag-0013,300.4062008801681,205.7906330949976
210.0,tag-0014,299.21132877036666,227.0053479563926
210.0,tag-0015,326.0141109344306,209.63013591582012
210.0,tag-0016,375.32856923665946,99.44226824055386
210.0,tag-0017,346.2153153371288,148.04657865251892
210.0,tag-0018,324.99172715987453,125.03589729534862
210.0,tag-0019,388.65964842682945,167.15013909017728
210.0,tag-0020,241.47888118732192,110.16641517578701
240.0,tag-0001,313.65843741792264,136.67109491959857
240.0,tag-0002,313.4951181277712,162.47311282904863
240.0,tag-0003,370.3919404310252,165.73809055304383
240.0,tag-0004,363.66029313635613,176.37549442340676
240.0,tag-0005,346.62008289842476,173.2959856417894
240.0,tag-0006,379.7132259231764,131.79893977041235
240.0,tag-0007,337.5778344656222,148.78314605143558
240.0,tag-0008,317.6458823252897,175.19344222792952
240.0,tag-0009,294.0815841942159,228.13803820452034
240.0,tag-0010,267.8616021228786,119.34185046087214
240.0,tag-0011,307.9215412429581,150.14357593631757
240.0,tag-0012,342.40197527798165,216.23234146193295
240.0,tag-0013,300.4062008801681,205.7906330949976
240.0,tag-0014,299.21132877036666,227.0053479563926
240.0,tag-0015,326.0141109344306,209.63013591582012
240.0,tag-0016,375.32856923665946,99.44226824055386
240.0,tag-0017,346.2153153371288,148.04657865251892
240.0,tag-0018,324.99172715987453,125.03589729534862
240.0,tag-0019,388.65964842682945,167.15013909017728
240.0,tag-0020,241.47888118732192,110.16641517578701
270.0,tag-0001,313.65843741792264,136.67109491959857
270.0,tag-0002,313.4951181277712,162.47311282904863
270.0,tag-0003,369.7606729697123,169.50844522580059
270.0,tag-0004,363.66029313635613,176.37549442340676
270.0,tag-0005,346.62008289842476,173.2959856417894
270.0,tag-0006,379.7132259231764,131.79893977041235
270.0,tag-0007,337.5778344656222,148.78314605143558
270.0,tag-0008,280.71335523856317,249.76643645893603
270.0,tag-0009,294.0815841942159,228.13803820452034
270.0,tag-0010,267.8616021228786,119.34185046087214
270.0,tag-0011,308.4727266884146,154.41626311283986
270.0,tag-0012,342.40197527798165,216.23234146193295
270.0,tag-0013,300.4062008801681,205.7906330949976
270.0,tag-0014,299.21132877036666,227.0053479563926
270.0,tag-0015,326.0141109344306,209.63013591582012
270.0,tag-0016,375.32856923665946,99.44226824055386
270.0,tag-0017,346.2153153371288,148.04657865251892
270.0,tag-0018,324.99172715987453,125.03589729534862
270.0,tag-0019,388.65964842682945,167.15013909017728
270.0,tag-0020,241.47888118732192,110.16641517578701
300.0,tag-0001,313.65843741792264,136.67109491959857
300.0,tag-0002,313.4951181277712,162.47311282904863
300.0,tag-0003,369.0959478222432,171.64715366600683
300.0,tag-0004,363.66029313635613,176.37549442340676
300.0,tag-0005,346.62008289842476,173.2959856417894
300.0,tag-0006,379.7132259231764,131.79893977041235
300.0,tag-0007,337.5778344656222,148.78314605143558
300.0,tag-0008,244.63913764443998,325.1583529306224
300.0,tag-0009,294.0815841942159,228.13803820452034
300.0,tag-0010,267.8616021228786,119.34185046087214
300.0,tag-0011,307.77057774191786,157.22671711853096
300.0,tag-0012,342.40197527798165,216.23234146193295
300.0,tag-0013,300.4062008801681,205.7906330949976
300.0,tag-0014,299.21132877036666,227.0053479563926
300.0,tag-0015,326.0141109344306,209.63013591582012
300.0,tag-0016,375.32856923665946,99.44226824055386
300.0,tag-0017,346.2153153371288,148.04657865251892
300.0,tag-0018,324.99172715987453,125.03589729534862
300.0,tag-0019,388.65964842682945,167.15013909017728
300.0,tag-0020,241.47888118732192,110.16641517578701
330.0,tag-0001,313.65843741792264,136.67109491959857
330.0,tag-0002,313.4951181277712,162.47311282904863
330.0,tag-0003,370.3325011840631,175.1525808775217
330.0,tag-0004,363.66029313635613,176.37549442340676
330.0,tag-0005,346.62008289842476,173.2959856417894
330.0,tag-0006,379.7132259231764,131.79893977041235
330.0,tag-0007,337.5778344656222,148.78314605143558
330.0,tag-0008,264.6479090182336,283.2556700260642
330.0,tag-0009,296.55556750950046,226.29145372642378
330.0,tag-0010,267.8616021228786,119.34185046087214
330.0,tag-0011,309.41587095465087,160.76804571924208
330.0,tag-0012,342.40197527798165,216.23234146193295
330.0,tag-0013,300.4062008801681,205.7906330949976
330.0,tag-0014,299.21132877036666,227.0053479563926
330.0,tag-0015,326.0141109344306,209.63013591582012
330.0,tag-0016,375.32856923665946,99.44226824055386
330.0,tag-0017,346.2153153371288,148.04657865251892
330.0,tag-0018,324.99172715987453,125.03589729534862
330.0,tag-0019,388.65964842682945,167.15013909017728
330.0,tag-0020,241.47888118732192,110.16641517578701
360.0,tag-0001,313.65843741792264,136.67109491959857
360.0,tag-0002,313.4951181277712,162.47311282904863
360.0,tag-0003,370.3591786904447,178.8850682054797
360.0,tag-0004,363.66029313635613,176.37549442340676
360.0,tag-0005,346.62008289842476,173.2959856417894
360.0,tag-0006,379.7132259231764,131.79893977041235
360.0,tag-0007,337.5778344656222,148.78314605143558
360.0,tag-0008,262.7385788006645,285.7012585354529
360.0,tag-0009,301.07087164021914,225.45990197981502
360.0,tag-0010,267.8616021228786,119.34185046087214
360.0,tag-0011,311.7554485556698,164.84143122780645
360.0,tag-0012,342.40197527798165,216.23234146193295
360.0,tag-0013,300.4062008801681,205.7906330949976
360.0,tag-0014,299.21132877036666,227.0053479563926
360.0,tag-0015,326.0141109344306,209.63013591582012
360.0,tag-0016,375.32856923665946,99.44226824055386
360.0,tag-0017,346.2153153371288,148.04657865251892
360.0,tag-0018,324.99172715987453,125.03589729534862
360.0,tag-0019,388.65964842682945,167.15013909017728
360.0,tag-0020,241.47888118732192,110.16641517578701
390.0,tag-0001,313.65843741792264,136.67109491959857
390.0,tag-0002,313.4951181277712,162.47311282904863
390.0,tag-0003,370.16484645135904,182.61174112616433
390.0,tag-0004,363.66029313635613,176.37549442340676
390.0,tag-0005,346.62008289842476,173.2959856417894
390.0,tag-0006,379.7132259231764,131.79893977041235
390.0,tag-0007,337.5778344656222,148.78314605143558
390.0,tag-0008,261.6300148796653,288.2134794037908
390.0,tag-0009,304.62071994817927,224.66829648767424
390.0,tag-0010,267.8616021228786,119.34185046087214
390.0,tag-0011,313.0502843954078,168.16667466452347
390.0,tag-0012,342.40197527798165,216.23234146193295
390.0,tag-0013,300.4062008801681,205.7906330949976
390.0,tag-0014,299.21132877036666,227.0053479563926
390.0,tag-0015,326.0141109344306,209.63013591582012
390.0,tag-0016,375.20909943900335,103.5503940519637
390.0,tag-0017,346.2153153371288,148.04657865251892
390.0,tag-0018,324.99172715987453,125.03589729534862
390.0,tag-0019,388.65964842682945,167.15013909017728
390.0,tag-0020,241.47888118732192,110.16641517578701
420.0,tag-0001,313.65843741792264,136.67109491959857
420.0,tag-0002,313.4951181277712,162.47311282904863
420.0,tag-0003,369.74848764507647,187.00815609092652
420.0,tag-0004,363.66029313635613,176.37549442340676
420.0,tag-0005,346.62008289842476,173.2959856417894
420.0,tag-0006,379.7132259231764,131.79893977041235
420.0,tag-0007,337.5778344656222,148.78314605143558
420.0,tag-0008,261.0712664882056,292.35125079538125
420.0,tag-0009,307.69238358662335,224.99030838619205
420.0,tag-0010,267.8616021228786,119.34185046087214
420.0,tag-0011,314.9476136470421,171.47270898551906
420.0,tag-0012,342.40197527798165,216.23234146193295
420.0,tag-0013,300.4062008801681,205.7906330949976
420.0,tag-0014,299.21132877036666,227.0053479563926
420.0,tag-0015,326.0141109344306,209.63013591582012
420.0,tag-0016,375.85917870770743,109.04941742159104
420.0,tag-0017,346.2153153371288,148.04657865251892
420.0,tag-0018,324.99172715987453,125.03589729534862
420.0,tag-0019,388.65964842682945,167.15013909017728
420.0,tag-0020,250.7118563123508,100.20721899671244
450.0,tag-0001,313.65843741792264,136.67109491959857
450.0,tag-0002,313.4951181277712,162.47311282904863
450.0,tag-0003,369.3821509086218,189.54040050739118
450.0,tag-0004,363.66029313635613,176.37549442340676
450.0,tag-0005,346.62008289842476,173.2959856417894
450.0,tag-0006,379.7132259231764,131.79893977041235
450.0,tag-0007,337.5778344656222,148.78314605143558
450.0,tag-0008,261.43294000045177,296.19388099418927
450.0,tag-0009,311.7377512849702,222.72932243819957
450.0,tag-0010,265.3479676228053,122.73359344935763
450.0,tag-0011,316.3835702015795,173.61993411638554
450.0,tag-0012,342.40197527798165,216.23234146193295
450.0,tag-0013,300.4062008801681,205.7906330949976
450.0,tag-0014,299.21132877036666,227.0053479563926
450.0,tag-0015,326.0141109344306,209.63013591582012
450.0,tag-0016,375.0734240785957,111.80302634071731
450.0,tag-0017,346.2153153371288,148.04657865251892
450.0,tag-0018,324.99172715987453,125.03589729534862
450.0,tag-0019,388.65964842682945,167.15013909017728
450.0,tag-0020,234.313304683739,117.10896933122783
480.0,tag-0001,313.65843741792264,136.67109491959857
480.0,tag-0002,313.4951181277712,162.47311282904863
480.0,tag-0003,369.71815848392356,193.4010875528443
480.0,tag-0004,363.66029313635613,176.37549442340676
480.0,tag-0005,346.62008289842476,173.2959856417894
480.0,tag-0006,380.3901474791759,135.1380863074464
480.0,tag-0007,337.5778344656222,148.78314605143558
480.0,tag-0008,259.2883312003268,299.79702099351516
480.0,tag-0009,315.07440817419587,220.09855016200518
480.0,tag-0010,264.0806281910556,125.93258943697663
480.0,tag-0011,317.6881150312758,177.54859464804593
480.0,tag-0012,342.40197527798165,216.23234146193295
480.0,tag-0013,300.4062008801681,205.7906330949976
480.0,tag-0014,299.21132877036666,227.0053479563926
480.0,tag-0015,326.0141109344306,209.63013591582012
480.0,tag-0016,375.6354509962918,114.7160075150743
480.0,tag-0017,346.2153153371288,148.04657865251892
480.0,tag-0018,324.99172715987453,125.03589729534862
480.0,tag-0019,388.65964842682945,167.15013909017728
480.0,tag-0020,243.1029912164808,107.23524808430425
510.0,tag-0001,313.65843741792264,136.67109491959857
510.0,tag-0002,313.4951181277712,162.47311282904863
510.0,tag-0003,369.9746126340359,198.7481748186137
510.0,tag-0004,363.66029313635613,176.37549442340676
510.0,tag-0005,346.62008289842476,173.2959856417894
510.0,tag-0006,382.0474411895732,139.40805362694172
510.0,tag-0007,337.5778344656222,148.78314605143558
510.0,tag-0008,258.8520217866363,303.9626352845283
510.0,tag-0009,318.686112478925,218.3901002511944
510.0,tag-0010,263.38512256963685,128.55900280301307
510.0,tag-0011,319.53284930240386,180.2556925484465
510.0,tag-0012,357.68645968229424,197.06118224143233
510.0,tag-0013,281.6769953278807,222.80800562273174
510.0,tag-0014,299.21132877036666,227.0053479563926
510.0,tag-0015,326.0141109344306,209.63013591582012
510.0,tag-0016,377.4744070205254,118.28119611240628
510.0,tag-0017,349.3000466993316,150.1983690678142
510.0,tag-0018,324.99172715987453,125.03589729534862
510.0,tag-0019,388.65964842682945,167.15013909017728
510.0,tag-0020,252.12113308533432,97.03957999026359
540.0,tag-0001,313.65843741792264,136.67109491959857
540.0,tag-0002,313.4951181277712,162.47311282904863
540.0,tag-0003,370.655431429888,201.99789737006242
540.0,tag-0004,363.66029313635613,176.37549442340676
540.0,tag-0005,346.62008289842476,173.2959856417894
540.0,tag-0006,383.4179947433626,142.48332802589704
540.0,tag-0007,337.5778344656222,148.78314605143558
540.0,tag-0008,257.7460895803801,306.6004351860215
540.0,tag-0009,321.9331247214459,215.71974925670372
540.0,tag-0010,262.25314776140044,132.22525761447994
540.0,tag-0011,320.8375703216784,183.55319349888651
540.0,tag-0012,371.35744449768214,177.94254551353615
540.0,tag-0013,263.1118436151932,239.62524729862886
540.0,tag-0014,299.21132877036666,227.0053479563926
540.0,tag-0015,326.0141109344306,209.63013591582012
540.0,tag-0016,378.6330503599317,121.7473044297485
540.0,tag-0017,351.5239445836159,152.18486995537577
540.0,tag-0018,321.9117266434379,127.42443189849136
540.0,tag-0019,388.65964842682945,167.15013909017728
540.0,tag-0020,235.71549258486567,115.04709610002693
570.0,tag-0001,317.14684199220255,137.7474352757344
570.0,tag-0002,329.9804432418178,179.90578711433807
570.0,tag-0003,371.6006876107429,205.82905514059541
570.0,tag-0004,363.66029313635613,176.37549442340676
570.0,tag-0005,346.62008289842476,173.2959856417894
570.0,tag-0006,385.50706106393415,145.27569284709136
570.0,tag-0007,337.5778344656222,148.78314605143558
570.0,tag-0008,256.72058515627475,310.04747176748504
570.0,tag-0009,323.83352680718997,215.21545534047596
570.0,tag-0010,261.84918348676587,134.34804632704265
570.0,tag-0011,322.3481396053986,186.92658507742416
570.0,tag-0012,386.0899112462376,159.0145047850856
570.0,tag-0013,243.72251382032877,255.03496803298032
570.0,tag-0014,299.21132877036666,227.0053479563926
570.0,tag-0015,324.58767043053354,214.52501003441472
570.0,tag-0016,378.82345930068914,124.79472527836481
570.0,tag-0017,354.4971341093739,155.11020188170144
570.0,tag-0018,317.6358401331521,127.3253324771422
570.0,tag-0019,388.65964842682945,167.15013909017728
570.0,tag-0020,244.31692024601452,105.03667024885388
600.0,tag-0001,320.20351677380563,138.5368030137989
600.0,tag-0002,345.5053834187733,195.97146956437626
600.0,tag-0003,371.4072794191763,209.61765557479896
600.0,tag-0004,363.66029313635613,176.37549442340676
600.0,tag-0005,346.62008289842476,173.2959856417894
600.0,tag-0006,386.50811476243285,149.2535406619862
600.0,tag-0007,337.5778344656222,148.78314605143558
600.0,tag-0008,255.50237523295064,313.0476420578205
600.0,tag-0009,327.4228110862712,212.45161463385216
600.0,tag-0010,260.260466291579,137.76645167419503
600.0,tag-0011,323.9345812624057,190.27700188856477
600.0,tag-0012,400.66758763226267,139.28274003268837
600.0,tag-0013,253.59016012404055,245.72337105933332
600.0,tag-0014,299.21132877036666,227.0053479563926
600.0,tag-0015,322.4576949413514,219.51698667973452
600.0,tag-0016,378.9220669964435,128.360306008005
600.0,tag-0017,357.2040199441337,158.39230492758713
600.0,tag-0018,313.19846322415503,126.551572325496
600.0,tag-0019,388.65964842682945,167.15013909017728
600.0,tag-0020,252.78417717375217,94.79644752784101
630.0,tag-0001,323.7950518631884,139.09500856381797
630.0,tag-0002,361.74014159722344,214.21275999055854
630.0,tag-0003,371.5552080087123,213.1044337077038
630.0,tag-0004,363.66029313635613,176.37549442340676
630.0,tag-0005,346.62008289842476,173.2959856417894
630.0,tag-0006,388.42176012357646,152.44991117195406
630.0,tag-0007,337.5778344656222,148.78314605143558
630.0,tag-0008,253.6260831116338,317.5940761678313
630.0,tag-0009,331.0059959746272,210.1525736870559
630.0,tag-0010,259.9931140889223,141.46047136286347
630.0,tag-0011,323.70816564262157,194.957713664614
630.0,tag-0012,415.2786195699071,120.7220769720305
630.0,tag-0013,263.4659494333195,237.11959112323325
630.0,tag-0014,299.21132877036666,227.0053479563926
630.0,tag-0015,319.67966026489825,223.46212830725543
630.0,tag-0016,379.52851483394386,131.697758365485
630.0,tag-0017,360.0455686469327,160.96326811868917
630.0,tag-0018,310.2051401675411,127.11566372573678
630.0,tag-0019,388.65964842682945,167.15013909017728
630.0,tag-0020,255.3604976514551,97.7612479850416
660.0,tag-0001,327.7573955454647,138.44122167000376
660.0,tag-0002,378.6861423197714,230.5990390334194
660.0,tag-0003,370.80643746971987,216.2801571612922
660.0,tag-0004,363.66029313635613,176.37549442340676
660.0,tag-0005,370.48461995319053,169.4052667780552
660.0,tag-0006,389.83965225768327,156.03526004271387
660.0,tag-0007,337.5778344656222,148.78314605143558
660.0,tag-0008,253.54704411194152,321.25070936653447
660.0,tag-0009,333.27910957190403,210.44285013902854
660.0,tag-0010,260.56563522297404,143.40482060719688
660.0,tag-0011,324.63222244182583,198.7421280256582
660.0,tag-0012,430.26681098678364,101.9225014235769
660.0,tag-0013,245.15812448825113,252.08538133275633
660.0,tag-0014,299.21132877036666,227.0053479563926
660.0,tag-0015,318.1436145580242,227.45549394702573
660.0,tag-0016,379.29487786463613,134.4797515796374
660.0,tag-0017,362.6050033940064,162.02299962817872
660.0,tag-0018,306.51072755986456,127.6342379643703
660.0,tag-0019,388.65964842682945,167.15013909017728
660.0,tag-0020,257.25524309536695,100.48096140987458
690.0,tag-0001,332.21609343504537,137.55652319192492
690.0,tag-0002,395.6425423553895,248.32425014644394
690.0,tag-0003,370.9420292675904,220.20452938693916
690.0,tag-0004,363.66029313635613,176.37549442340676
690.0,tag-0005,394.90439836446285,164.09158320336198
690.0,tag-0006,391.90847744720475,159.0386602862345
690.0,tag-0007,337.5778344656222,148.78314605143558
690.0,tag-0008,253.07908507275235,324.0944936683792
690.0,tag-0009,336.4292626389508,210.15428910267542
690.0,tag-0010,259.8063764214401,146.71607456310696
690.0,tag-0011,324.72754766237415,201.62084217716668
690.0,tag-0012,444.4967842442025,83.19460263135961
690.0,tag-0013,254.8937694948808,243.1511331821635
690.0,tag-0014,323.8239369384324,225.45198989082442
690.0,tag-0015,316.3192738503731,230.24062275704688
690.0,tag-0016,379.6891953628122,138.49924679453076
690.0,tag-0017,365.4449427518875,163.631982416465
690.0,tag-0018,303.33344896600175,128.62336492176155
690.0,tag-0019,388.65964842682945,167.15013909017728
690.0,tag-0020,258.0526973225546,104.3109680035594
720.0,tag-0001,334.5441096394887,138.72334573692072
720.0,tag-0002,410.69511648150063,266.7623917128504
720.0,tag-0003,370.28408845576723,223.90614429309977
720.0,tag-0004,363.66029313635613,176.37549442340676
720.0,tag-0005,419.29134745087964,159.0313291340011
720.0,tag-0006,392.27610313724387,161.07868994722912
720.0,tag-0007,337.5778344656222,148.78314605143558
720.0,tag-0008,252.9502177077132,328.1035312907977
720.0,tag-0009,339.0446773193686,209.2036288309374
720.0,tag-0010,259.08294777602686,150.63098521710444
720.0,tag-0011,323.990367679739,204.86474203275077
720.0,tag-0012,459.1125001017284,64.20844294713332
720.0,tag-0013,257.11198091039694,245.80156736396447
720.0,tag-0014,348.4345945207923,223.5117212528976
720.0,tag-0015,315.5662718086079,232.86789395663158
720.0,tag-0016,380.4776750969927,141.6553019103967
720.0,tag-0017,368.1355327370102,165.63280931199947
720.0,tag-0018,298.6371996648642,130.29289142971496
720.0,tag-0019,388.65964842682945,167.15013909017728
720.0,tag-0020,259.84397233232005,107.13463623934565
750.0,tag-0001,337.1238895155093,139.738923180327
750.0,tag-0002,426.3117253319105,284.5702326971626
750.0,tag-0003,371.09470238407044,227.65187480529337
750.0,tag-0004,363.66029313635613,176.37549442340676
750.0,tag-0005,442.18045695347803,153.90063895346333
750.0,tag-0006,393.7998664499797,163.08958713954607
750.0,tag-0007,337.5778344656222,148.78314605143558
750.0,tag-0008,251.473180787016,331.67788899972373
750.0,tag-0009,341.9188589558354,207.6657965234493
750.0,tag-0010,258.5331133146969,154.63363375141387
750.0,tag-0011,325.6338550391362,208.7746213131593
750.0,tag-0012,472.47908120630404,44.40790079064139
750.0,tag-0013,259.374292246812,248.18969917696612
750.0,tag-0014,372.24744196399047,220.63305686647956
750.0,tag-0015,313.70031327776985,236.06671233200902
750.0,tag-0016,380.334202121342,145.18910835809305
750.0,tag-0017,371.09266964357175,168.0299383170631
750.0,tag-0018,296.6931777559369,129.17443398073712
750.0,tag-0019,385.9452210702875,170.74720564157394
750.0,tag-0020,261.7901498548406,110.15376840864917
780.0,tag-0001,340.005165603686,138.81479295433675
780.0,tag-0002,443.34852498451085,303.24518184519223
780.0,tag-0003,371.5549078978672,231.85486844884525
780.0,tag-0004,365.18888924486976,177.77584126162182
780.0,tag-0005,467.4880883769076,150.1818498693054
780.0,tag-0006,394.6953857634182,165.8551049829826
780.0,tag-0007,337.5778344656222,148.78314605143558
780.0,tag-0008,250.6276631397916,334.56861471049444
780.0,tag-0009,341.5999350250322,211.4297957712469
780.0,tag-0010,257.41711993559915,157.82358625655974
780.0,tag-0011,326.8392925700307,211.72440829947334
780.0,tag-0012,484.8319007570992,23.071537449940948
780.0,tag-0013,260.88999547193055,250.24395326643338
780.0,tag-0014,396.1849149202933,219.2005910680535
780.0,tag-0015,312.50248078268606,239.37410235293004
780.0,tag-0016,380.32976677805556,148.20865384426403
780.0,tag-0017,367.50724668245147,168.76503198552197
780.0,tag-0018,293.9037954324309,130.06271909327077
780.0,tag-0019,385.6682417471826,174.68701211962272
780.0,tag-0020,263.4987570969782,114.3834165608302
810.0,tag-0001,344.6924927920823,138.87108751668842
810.0,tag-0002,422.0536698526448,315.4635540259031
810.0,tag-0003,372.5313948301603,235.91415542576678
810.0,tag-0004,369.0243583518729,179.99694082182168
810.0,tag-0005,491.2844064758105,144.73835707726718
810.0,tag-0006,383.33537776540174,186.59017618408984
810.0,tag-0007,336.00482827047847,151.19470167504807
810.0,tag-0008,249.5659171040084,337.1992521632991
810.0,tag-0009,341.7744985024349,215.3774880399942
810.0,tag-0010,256.3347738499722,161.45929623594822
810.0,tag-0011,327.16043191839725,216.26636535318823
810.0,tag-0012,498.6481113184918,40.9778484989274
810.0,tag-0013,263.2158138629647,252.29348251797396
810.0,tag-0014,419.38204607592724,217.45671905840672
810.0,tag-0015,311.1038370803346,241.70412526659914
810.0,tag-0016,380.81980792352755,152.82948805786748
810.0,tag-0017,364.5254802759669,169.51892084295983
810.0,tag-0018,290.50677081251456,130.84467086888813
810.0,tag-0019,384.7993596081795,178.73858564595804
810.0,tag-0020,264.9832471833085,115.82746262730132
840.0,tag-0001,349.7090676711011,140.17519069168208
840.0,tag-0002,401.3243559009525,327.5104414863356
840.0,tag-0003,373.6289904507634,240.57663017816904
840.0,tag-0004,371.679061615541,182.4900969648129
840.0,tag-0005,514.9098245052086,139.48970098220605
840.0,tag-0006,369.87272846455994,205.7128304440997
840.0,tag-0007,334.0583015992652,153.28772191238065
840.0,tag-0008,249.4661281111148,341.05486211206807
840.0,tag-0009,340.9910605149239,220.02232516789252
840.0,tag-0010,255.89702086320798,163.45355971279832
840.0,tag-0011,329.50570284420814,220.34227170351434
840.0,tag-0012,485.4972501246391,21.08243191879339
840.0,tag-0013,266.0795250302758,255.2338476043582
840.0,tag-0014,443.4898611606749,216.13958453944426
840.0,tag-0015,310.27788070807287,243.8002427333789
840.0,tag-0016,380.4828619192526,155.3343832685276
840.0,tag-0017,360.6133626425499,169.93250978923098
840.0,tag-0018,287.28991327582753,131.91815828122026
840.0,tag-0019,383.9894185099799,181.733309682038
840.0,tag-0020,266.19225368499673,119.7955831607635
870.0,tag-0001,346.3228152360245,138.74009067993967
870.0,tag-0002,381.3533872767907,339.4342987115255
870.0,tag-0003,372.02144590547084,244.2380526912267
870.0,tag-0004,374.91846266655625,185.44108543777676
870.0,tag-0005,507.5647076814522,162.88286363627654
870.0,tag-0006,356.66410757940395,225.09276132381746
870.0,tag-0007,333.3384385044841,157.22034625505677
870.0,tag-0008,249.46378129894072,341.14553736696314
870.0,tag-0009,340.6303489601535,223.11381141812362
870.0,tag-0010,254.1772911602918,167.3154961065865
870.0,tag-0011,330.71028809758565,223.60993439707798
870.0,tag-0012,489.6831124709599,44.627922314068705
870.0,tag-0013,268.70459820847077,258.4211273806177
870.0,tag-0014,468.1649163505568,214.16378919785947
870.0,tag-0015,307.5307300590855,248.08719064639453
870.0,tag-0016,381.16722133785913,159.71358149460647
870.0,tag-0017,355.88916156963427,170.5607214298742
870.0,tag-0018,283.81599874550983,131.703302081673
870.0,tag-0019,382.7694599289355,185.77895606527167
870.0,tag-0020,268.5532562701865,124.23937715898529
900.0,tag-0001,342.55301101529506,139.81823064073743
900.0,tag-0002,361.6942494276452,351.1215630270988
900.0,tag-0003,371.21829566023484,245.20616822966966
900.0,tag-0004,377.72500948601356,186.79006938007606
900.0,tag-0005,500.68252863184114,186.77441595586023
900.0,tag-0006,344.285531801488,245.72573018161467
900.0,tag-0007,331.64113441161174,160.59830338689608
900.0,tag-0008,249.46372610720843,341.1476698445632
900.0,tag-0009,339.69189538766165,227.49807286360243
900.0,tag-0010,252.7655789059548,169.9135002985288
900.0,tag-0011,328.08984268194155,227.52848707853533
900.0,tag-0012,489.6354683466381,48.45928017225604
900.0,tag-0013,270.90254943393927,259.522484887096
900.0,tag-0014,492.2992453204759,211.61299523882812
900.0,tag-0015,306.59562571965955,250.39987190209487
900.0,tag-0016,381.288056696751,163.727399209057
900.0,tag-0017,352.63882276310426,170.28375141131994
900.0,tag-0018,279.9389357028709,132.18604930862384
900.0,tag-0019,381.2043836757513,189.66332200871622
900.0,tag-0020,269.5452735160732,126.95728312147239
930.0,tag-0001,339.445107587723,139.66295321753623
930.0,tag-0002,339.28259362495123,363.94651970319654
930.0,tag-0003,369.36788208235083,247.40957997390993
930.0,tag-0004,379.62071935211276,189.73415670914912
930.0,tag-0005,494.98267848267153,211.15683364102114
930.0,tag-0006,331.1914441199476,266.14258605397174
930.0,tag-0007,329.9792004292557,164.59806442671962
930.0,tag-0008,249.4637248092233,341.1477199956295
930.0,tag-0009,340.6079292928485,231.16067480405192
930.0,tag-0010,250.64706883164254,173.89740431240432
930.0,tag-0011,326.1399438479941,231.22625535367564
930.0,tag-0012,490.2630923137035,53.25121435871062
930.0,tag-0013,274.21973111009396,261.8089249012791
930.0,tag-0014,516.5295148002609,211.70694299016964
930.0,tag-0015,304.5773690204454,253.94222097200176
930.0,tag-0016,381.6576599510687,168.23180254040867
930.0,tag-0017,349.5421420539566,170.19379808682586
930.0,tag-0018,275.5104962803749,133.28312394999793
930.0,tag-0019,380.6656189991717,195.07730202144538
930.0,tag-0020,270.45257445108666,131.05828607507425
960.0,tag-0001,334.94268265266044,140.77989749856326
960.0,tag-0002,318.02574354820723,375.19343000234505
960.0,tag-0003,368.5580368212127,247.8641615997286
960.0,tag-0004,383.83100963502153,192.3707548895557
960.0,tag-0005,488.7595401949671,233.2829980327663
960.0,tag-0006,319.1660401124741,287.4577678230694
960.0,tag-0007,328.3445189378929,167.7517870087933
960.0,tag-0008,249.4637247786976,341.1477211750695
960.0,tag-0009,342.5824067383956,234.89132272977866
960.0,tag-0010,249.2384018933167,176.85541391108976
960.0,tag-0011,324.8776572647732,234.7006450627055
960.0,tag-0012,490.8262669662741,58.11653529256279
960.0,tag-0013,276.43549606041665,264.7906048953946
960.0,tag-0014,541.5791572295753,209.48857500972196
960.0,tag-0015,303.7422675191607,258.5341167273713
960.0,tag-0016,380.1103198914327,170.96923409683464
960.0,tag-0017,345.2811725705603,169.72264275448703
960.0,tag-0018,272.3678146112886,132.80435131784324
960.0,tag-0019,380.2073477566583,199.6696009795768
960.0,tag-0020,270.81418207149903,134.05909252724717
990.0,tag-0001,330.8495038343373,141.98262594006545
990.0,tag-0002,297.46760549442115,387.0136221571056
990.0,tag-0003,365.7258680352999,248.14713176996247
990.0,tag-0004,387.73469674850526,194.69890029514724
990.0,tag-0005,480.70791098371353,254.55055374369437
990.0,tag-0006,303.57020597164353,308.38668623032254
990.0,tag-0007,325.935983969208,170.94490651386198
990.0,tag-0008,249.4637247779797,341.14772120280725
990.0,tag-0009,342.8599690316386,238.37112100234992
990.0,tag-0010,247.9422135516862,179.25730831002699
990.0,tag-0011,322.48945574993576,239.19213674400447
990.0,tag-0012,490.6890912663669,62.32484971872113
990.0,tag-0013,277.6278845026829,267.2107605234361
990.0,tag-0014,564.9721028276003,215.5519427012017
990.0,tag-0015,301.52389702987637,261.73428772228226
990.0,tag-0016,377.5522799520969,174.44889925103132
990.0,tag-0017,341.05540479921615,169.56327890037855
990.0,tag-0018,268.5776102943369,134.3301546675708
990.0,tag-0019,379.06892501105324,204.12079376964186
990.0,tag-0020,271.53812392696926,136.30287939849157
1020.0,tag-0001,326.89437263265825,141.90838828961927
1020.0,tag-0002,276.6458941589779,398.55522889513344
1020.0,tag-0003,363.6786013182775,249.43348489218988
1020.0,tag-0004,390.8796241259959,195.20382622401962
1020.0,tag-0005,473.00504602079235,276.816100771666
1020.0,tag-0006,318.11957514567376,287.6873627617297
1020.0,tag-0007,323.8567859063007,173.97691639850507
1020.0,tag-0008,249.46372477796282,341.1477212034596
1020.0,tag-0009,342.72673054895955,242.71260135580422
1020.0,tag-0010,246.52750461482083,183.41415878086698
1020.0,tag-0011,319.7914864854817,241.0585340220589
1020.0,tag-0012,492.0369490054294,66.22540540898137
1020.0,tag-0013,280.4585868143186,269.92693690601175
1020.0,tag-0014,588.3518922324611,221.4399495425215
1020.0,tag-0015,300.61695143675524,264.55091716060195
1020.0,tag-0016,377.7846838628183,178.0788476426934
1020.0,tag-0017,336.10488339592865,169.5557863643626
1020.0,tag-0018,271.7713862960209,133.13330212299815
1020.0,tag-0019,378.3109685744095,207.73088763697885
1020.0,tag-0020,274.2766267315288,139.56150228748072
1050.0,tag-0001,323.3049524496209,144.49791499929447
1050.0,tag-0002,255.78608953006741,410.35360227126125
1050.0,tag-0003,362.6275666640406,250.63187991973328
1050.0,tag-0004,393.88964999053695,197.07909643875186
1050.0,tag-0005,465.26843313409637,300.8090285325856
1050.0,tag-0006,305.178520309558,308.6860274813805
1050.0,tag-0007,322.053615425319,177.2531097210449
1050.0,tag-0008,249.46372477796243,341.14772120347493
1050.0,tag-0009,342.1869579740723,247.03594231107988
1050.0,tag-0010,244.40095507644514,187.2712015302541
1050.0,tag-0011,319.02739606754017,245.34871581788502
1050.0,tag-0012,491.7610077862846,70.61703704756566
1050.0,tag-0013,282.38774549055944,271.983397778125
1050.0,tag-0014,610.3492648592968,229.19687417433565
1050.0,tag-0015,300.2324284643297,267.3195830914518
1050.0,tag-0016,376.70242169633354,181.38791066211843
1050.0,tag-0017,334.5212092201348,171.288560376884
1050.0,tag-0018,274.8796190620456,131.01058972623497
1050.0,tag-0019,376.97129495911906,212.1230744343774
1050.0,tag-0020,277.2563889977337,142.59690730210565
1080.0,tag-0001,319.221290504775,144.8691904279735
1080.0,tag-0002,266.79899893884124,404.40034741677897
1080.0,tag-0003,361.02146088415515,246.6046641752792
1080.0,tag-0004,397.1558986833632,200.4235524977589
1080.0,tag-0005,458.4869038775463,323.45058451765067
1080.0,tag-0006,315.0160528245839,286.51140332549505
1080.0,tag-0007,320.0156431582668,180.61747789627162
1080.0,tag-0008,249.46372477796243,341.14772120347527
1080.0,tag-0009,342.27531582994044,251.88407565300622
1080.0,tag-0010,243.54310053754494,189.90361670070956
1080.0,tag-0011,318.58986057406537,249.28749777354957
1080.0,tag-0012,492.2698926255596,73.65007589214478
1080.0,tag-0013,283.4490347156561,273.84103564713064
1080.0,tag-0014,634.0564816771556,235.37126863760435
1080.0,tag-0015,297.61673397494934,270.67817793019344
1080.0,tag-0016,376.37737773279866,185.406691982592
1080.0,tag-0017,331.54297888608437,173.30440709811677
1080.0,tag-0018,277.7728491451549,131.00264081540195
1080.0,tag-0019,375.3968729830195,216.14563126209137
1080.0,tag-0020,278.9393209081007,146.02923357428133
1110.0,tag-0001,316.48683918061965,143.75437079679924
1110.0,tag-0002,245.94845882506928,416.50293189007715
1110.0,tag-0003,360.85046339790955,243.4697219342375
1110.0,tag-0004,400.2518824280175,202.69718742131082
1110.0,tag-0005,449.77370194350664,345.7802885454044
1110.0,tag-0006,336.8813901555489,277.6734866379494
1110.0,tag-0007,319.8617443817076,185.17079772408505
1110.0,tag-0008,249.46372477796243,341.14772120347527
1110.0,tag-0009,342.35775312852627,256.4478868309653
1110.0,tag-0010,241.2792237931989,191.8886745359407
1110.0,tag-0011,316.62078821637084,251.8527928489575
1110.0,tag-0012,492.2828547539215,77.36512626313744
1110.0,tag-0013,288.1834428307659,275.96842968010895
1110.0,tag-0014,657.090993120706,242.4431831370167
1110.0,tag-0015,295.96968722496484,274.5905953454096
1110.0,tag-0016,377.1991036958982,188.0377162416443
1110.0,tag-0017,328.1891057242601,174.04545081462513
1110.0,tag-0018,281.55957297652105,129.0968823977099
1110.0,tag-0019,373.24714534022803,217.91088683517253
1110.0,tag-0020,280.8809590635102,149.42358698267603
1140.0,tag-0001,313.2685337954191,146.12766031503804
1140.0,tag-0002,256.8396548566851,410.6119615257551
1140.0,tag-0003,361.05509260163103,240.51217111095434
1140.0,tag-0004,404.5515391354128,205.83596589999695
1140.0,tag-0005,453.43702883560985,333.68058390593296
1140.0,tag-0006,358.71831641869795,269.49641227547
1140.0,tag-0007,318.6943566078289,187.65577104777904
1140.0,tag-0008,249.46372477796243,341.14772120347527
1140.0,tag-0009,342.1960123105061,259.74546342939374
1140.0,tag-0010,240.26727299984648,195.58215425729227
1140.0,tag-0011,314.8038632334126,254.1491981035349
1140.0,tag-0012,493.6494807028323,82.13582990574987
1140.0,tag-0013,290.5642454057598,279.3651205860113
1140.0,tag-0014,680.4286969627366,249.77821712747914
1140.0,tag-0015,294.7078296503665,277.2315209051254
1140.0,tag-0016,377.11016954053616,192.3579850520804
1140.0,tag-0017,324.0424823901718,176.46267976305884
1140.0,tag-0018,286.6523553211195,129.73532706498966
1140.0,tag-0019,373.9153258294327,221.97220728437648
1140.0,tag-0020,282.1678386745367,152.22732567144524
1170.0,tag-0001,310.1781431417301,145.96525496633464
1170.0,tag-0002,268.14379324476255,403.6860615433951
1170.0,tag-0003,361.17542759800943,236.6506362264322
1170.0,tag-0004,407.0688524326799,207.81105589487785
1170.0,tag-0005,457.1143699977,320.4537309438101
1170.0,tag-0006,381.09025062756524,260.6371483335417
1170.0,tag-0007,317.43006604595547,191.06010035087627
1170.0,tag-0008,249.46372477796243,341.14772120347527
1170.0,tag-0009,341.6436456754204,262.7901044125192
1170.0,tag-0010,240.89137145055628,193.41263034891847
1170.0,tag-0011,312.3122440400333,256.6120689840751
1170.0,tag-0012,494.45424381057467,84.79145455396987
1170.0,tag-0013,293.10776131107673,282.25591335949804
1170.0,tag-0014,703.3669582340091,255.79766463812325
1170.0,tag-0015,293.0396535293127,280.195598249857
1170.0,tag-0016,376.83852391063596,195.290559755032
1170.0,tag-0017,321.38082495254685,176.1269605297182
1170.0,tag-0018,290.0359320522441,128.96699183337378
1170.0,tag-0019,373.8056926303577,225.01870143702305
1170.0,tag-0020,284.118762080136,155.05552174506124
1200.0,tag-0001,313.8530970832962,144.11821713603334
1200.0,tag-0002,267.4499680998528,427.7275923237135
1200.0,tag-0003,360.68106729958697,232.59767064291452
1200.0,tag-0004,410.9631222809023,210.07545435393163
1200.0,tag-0005,449.08909908029017,342.9213834764787
1200.0,tag-0006,403.48560720658804,251.94549176720741
1200.0,tag-0007,316.69578549827116,193.4392521990863
1200.0,tag-0008,249.46372477796243,341.14772120347527
1200.0,tag-0009,342.14600039988466,266.4952554222323
1200.0,tag-0010,241.95916059370714,191.5005189770111
1200.0,tag-0011,310.6542092312261,260.21931902275145
1200.0,tag-0012,494.54453656732096,88.59335850435967
1200.0,tag-0013,294.3209273164348,284.06947399241284
1200.0,tag-0014,726.9395151664053,263.4885490490283
1200.0,tag-0015,291.4075333271051,282.9599730557172
1200.0,tag-0016,377.1255366424212,197.28322791260143
1200.0,tag-0017,317.3056252910075,177.56958305008882
1200.0,tag-0018,294.0412918684571,127.41927977473865
1200.0,tag-0019,371.5566538763929,229.6098660509692
1200.0,tag-0020,285.7611294821974,157.64315312029072
1230.0,tag-0001,317.41184926376786,142.43134087919933
1230.0,tag-0002,267.67877659629175,451.4590342789355
1230.0,tag-0003,361.32505134927015,228.60339702304523
1230.0,tag-0004,413.96712950835223,208.36552151646572
1230.0,tag-0005,453.18332856985853,330.6234701712003
1230.0,tag-0006,424.34416004152854,243.15526838628315
1230.0,tag-0007,314.7344314494671,196.29564252483542
1230.0,tag-0008,249.46372477796243,341.14772120347527
1230.0,tag-0009,341.48345079514695,269.9911169728533
1230.0,tag-0010,243.1880182611968,195.75754507686216
1230.0,tag-0011,309.93273364874415,263.2047237850713
1230.0,tag-0012,494.877350722417,93.00261584407733
1230.0,tag-0013,296.3685631012196,286.6051812562065
1230.0,tag-0014,724.5269608131384,264.78492657348085
1230.0,tag-0015,290.58920243361206,286.6686875203525
1230.0,tag-0016,377.1459282502995,199.97422361667265
1230.0,tag-0017,312.84521068037526,178.0380455113324
1230.0,tag-0018,297.91775166458524,127.79028954559634
1230.0,tag-0019,369.81143005622647,233.34322820142822
1230.0,tag-0020,286.6381056832079,160.3584157256677
1260.0,tag-0001,321.2488431030202,140.97006380665619
1260.0,tag-0002,265.4130126074271,475.88342765840827
1260.0,tag-0003,361.37832361012283,225.36107248896536
1260.0,tag-0004,418.53250258210716,206.80653827922538
1260.0,tag-0005,451.4222613365875,331.95213587628496
1260.0,tag-0006,447.2551063188786,234.03866300706602
1260.0,tag-0007,313.100474730966,198.3126845897837
1260.0,tag-0008,249.46372477796243,341.14772120347527
1260.0,tag-0009,341.67178964607984,272.738396358814
1260.0,tag-0010,243.9357213497904,198.17443350398406
1260.0,tag-0011,308.67542705466377,266.232870965215
1260.0,tag-0012,495.35631355937846,96.52608628869633
1260.0,tag-0013,298.9303571305027,288.2389452263587
1260.0,tag-0014,720.3234853814586,265.56048654140193
1260.0,tag-0015,288.2606838987767,289.53934189813583
1260.0,tag-0016,376.93276958617827,202.04556077363824
1260.0,tag-0017,308.79922746338303,178.52601641549495
1260.0,tag-0018,300.6371019265248,127.2456156158452
1260.0,tag-0019,368.88163555445163,236.23199121370453
1260.0,tag-0020,287.426567808338,164.22409417747497
1290.0,tag-0001,324.6276573541546,139.2348183321323
1290.0,tag-0002,263.55484551478537,499.51138992867817
1290.0,tag-0003,362.1414356229978,221.1597679363785
1290.0,tag-0004,419.3050415784208,204.91503602427753
1290.0,tag-0005,449.85788505029,334.1592351501469
1290.0,tag-0006,469.4899036800516,225.08332059942313
1290.0,tag-0007,310.92521437015483,202.35062546141475
1290.0,tag-0008,249.46372477796243,341.14772120347527
1290.0,tag-0009,340.72581087340774,277.8033108943789
1290.0,tag-0010,244.01567438020624,200.92169621730366
1290.0,tag-0011,307.6702743782296,269.88310848335817
1290.0,tag-0012,495.0048185091443,100.6617911098637
1290.0,tag-0013,300.0123276204136,290.17291925006737
1290.0,tag-0014,718.8893351260164,266.12162308203983
1290.0,tag-0015,310.83672665398313,291.09644852267115
1290.0,tag-0016,376.7124251569329,206.18227712271258
1290.0,tag-0017,306.7184938792252,179.2932260650546
1290.0,tag-0018,303.78711260327253,126.42512804616237
1290.0,tag-0019,368.96282816168326,239.0303365051428
1290.0,tag-0020,289.95749213035594,165.4106567864842
1320.0,tag-0001,328.31746282953833,136.64832008507148
1320.0,tag-0002,262.3218745146935,523.0589606734723
1320.0,tag-0003,360.78755809539933,217.59506266108096
1320.0,tag-0004,422.5764668479798,204.75282694005014
1320.0,tag-0005,446.684463913469,335.96293018962433
1320.0,tag-0006,491.34388312365616,216.499898310615
1320.0,tag-0007,309.69875238539424,205.90605494323688
1320.0,tag-0008,249.46372477796243,341.14772120347527
1320.0,tag-0009,340.89131949268386,281.04486588065424
1320.0,tag-0010,244.87684148956598,204.75797326685256
1320.0,tag-0011,304.6863352578366,272.91044920510967
1320.0,tag-0012,494.40904072125403,103.34915906880498
1320.0,tag-0013,302.5855612999208,292.84349013930256
1320.0,tag-0014,719.0350529566145,270.23539003611097
1320.0,tag-0015,336.0838617465057,293.86829423292414
1320.0,tag-0016,375.57120441723333,209.39865407322176
1320.0,tag-0017,302.5431035964141,180.4759000386524
1320.0,tag-0018,308.78510213906833,126.16811210658055
1320.0,tag-0019,366.4865066703099,241.59100429908338
1320.0,tag-0020,290.49091340410996,169.0683178755705
1350.0,tag-0001,331.48466026898734,135.36438795437
1350.0,tag-0002,284.7858642263819,515.4470998945905
1350.0,tag-0003,359.68744732357123,213.85898981903662
1350.0,tag-0004,425.7277002853272,203.66504124199963
1350.0,tag-0005,447.0444898851093,339.2562357056426
1350.0,tag-0006,513.5631039043443,208.74531124287478
1350.0,tag-0007,308.3751439141735,209.72894463930018
1350.0,tag-0008,249.46372477796243,341.14772120347527
1350.0,tag-0009,341.05142119900466,284.8412917371165
1350.0,tag-0010,245.0128777400209,207.73636833171446
1350.0,tag-0011,303.7501733457834,277.1143147571139
1350.0,tag-0012,495.3459940726114,107.24899047765481
1350.0,tag-0013,305.24834574447306,295.1313752354725
1350.0,tag-0014,717.5438342632332,274.3296834067811
1350.0,tag-0015,360.1663584408367,295.2442969906819
1350.0,tag-0016,374.31592548910646,213.91756779811928
1350.0,tag-0017,297.7181938033514,182.74977530011708
1350.0,tag-0018,312.7710582908849,127.12991318855725
1350.0,tag-0019,365.1297957293905,245.08040723889508
1350.0,tag-0020,291.64364731646833,172.44214141436223
1380.0,tag-0001,335.27714981510894,134.92478838840373
1380.0,tag-0002,307.1181750171639,508.97998682970245
1380.0,tag-0003,360.07701399353294,210.88615336442513
1380.0,tag-0004,428.5357210948626,203.0945837779236
1380.0,tag-0005,429.4226093925639,324.765100263277
1380.0,tag-0006,535.9563455262703,201.2684352877398
1380.0,tag-0007,307.91730823524375,212.27816521463404
1380.0,tag-0008,247.42277312889317,339.61952941271335
1380.0,tag-0009,341.5495044208361,287.8390574332653
1380.0,tag-0010,245.90167097907556,210.72920625293577
1380.0,tag-0011,301.82331910867987,279.99582094732466
1380.0,tag-0012,497.0244951956892,111.91935361687815
1380.0,tag-0013,307.59193834931716,296.5794162974358
1380.0,tag-0014,717.6568312803224,277.98232758895585
1380.0,tag-0015,384.3598731289317,297.4760365064025
1380.0,tag-0016,373.5487121530441,218.17261301627042
1380.0,tag-0017,294.86913989863194,183.8416640784569
1380.0,tag-0018,315.9574088260906,125.89051396717292
1380.0,tag-0019,364.8333189298234,247.76206672517685
1380.0,tag-0020,293.0682087317199,175.1316133147434
1410.0,tag-0001,338.38938004557036,131.744210544414
1410.0,tag-0002,329.8559212559363,501.808714346883
1410.0,tag-0003,360.44416976756264,207.04538043385713
1410.0,tag-0004,432.9536932140411,201.3571404521143
1410.0,tag-0005,410.8752839541166,308.00330247841254
1410.0,tag-0006,557.9192082977087,192.41471681268231
1410.0,tag-0007,307.46136675266695,215.91585495395404
1410.0,tag-0008,243.4562775363898,338.2816189489154
1410.0,tag-0009,342.57863852457115,291.2038876637771
1410.0,tag-0010,246.40443703266703,214.0726960508819
1410.0,tag-0011,299.830825767217,281.9248084334384
1410.0,tag-0012,512.5205222634065,129.6144146780426
1410.0,tag-0013,310.70927348996673,299.465077080165
1410.0,tag-0014,717.1250584864404,281.8459587670841
1410.0,tag-0015,408.14196179974306,299.6452903652191
1410.0,tag-0016,376.57577416221034,220.48743046190916
1410.0,tag-0017,291.9971535486847,185.52019718464578
1410.0,tag-0018,318.7610717361778,126.21943832547652
1410.0,tag-0019,362.80570197054385,250.88939506531804
1410.0,tag-0020,295.14872536361025,179.35686386053885
1440.0,tag-0001,342.7808711619674,129.92768021405564
1440.0,tag-0002,353.68370175363265,494.90858094947527
1440.0,tag-0003,361.0039910270968,203.3477638213832
1440.0,tag-0004,437.0040087758875,200.65766005393965
1440.0,tag-0005,391.8624397742756,292.9914578495894
1440.0,tag-0006,580.3762214654242,184.17405442690153
1440.0,tag-0007,306.84974853228334,218.64021317745306
1440.0,tag-0008,245.8581387840067,339.9365295505937
1440.0,tag-0009,342.92364948519014,294.27326376565446
1440.0,tag-0010,246.90037072837285,218.04943720739644
1440.0,tag-0011,299.7839668151927,281.97017387089625
1440.0,tag-0012,528.991579747813,148.44060803626382
1440.0,tag-0013,314.13864004007246,300.68051666265285
1440.0,tag-0014,717.68597792367,286.5904967726918
1440.0,tag-0015,432.6738544780894,300.34057529358967
1440.0,tag-0016,379.8589697861447,221.7328400306391
1440.0,tag-0017,288.8141009279015,185.84260708119442
1440.0,tag-0018,321.6034085977381,126.01763085252573
1440.0,tag-0019,361.03014004607166,255.43274730834972
1440.0,tag-0020,296.70115346124265,182.82905071946087
1470.0,tag-0001,345.91038175232785,128.1097502105375
1470.0,tag-0002,377.2680028715411,486.136030038557
1470.0,tag-0003,360.75787980466555,199.00482637230394
1470.0,tag-0004,440.1496576197698,200.4841561086088
1470.0,tag-0005,372.5774815117995,277.63538807355275
1470.0,tag-0006,602.5016912883877,176.6470376454276
1470.0,tag-0007,304.58573846870837,220.67310865405614
1470.0,tag-0008,243.0844237883006,337.9277976586937
1470.0,tag-0009,343.36873432379844,298.58767978219674
1470.0,tag-0010,246.7468313911421,221.34746712025188
1470.0,tag-0011,299.7828647982679,281.971240763725
1470.0,tag-0012,545.1581870672815,166.57284934708656
1470.0,tag-0013,316.2208715959302,304.0595924213191
1470.0,tag-0014,719.1811540004055,289.89416373780347
1470.0,tag-0015,457.9510993063892,300.64488032014754
1470.0,tag-0016,384.3780671559073,222.30299618067687
1470.0,tag-0017,285.4323870719963,186.51740749436038
1470.0,tag-0018,324.6257819138243,124.17853854476
1470.0,tag-0019,359.9376930585159,259.87445846038247
1470.0,tag-0020,299.2535762557205,185.26304522591604
1500.0,tag-0001,348.4895346354827,126.23824121823112
1500.0,tag-0002,399.1158574932523,478.7025561824637
1500.0,tag-0003,360.4653531021472,196.39878785521373
1500.0,tag-0004,444.20427112955406,199.81060546369608
1500.0,tag-0005,371.80336483172704,274.643566027741
1500.0,tag-0006,623.9125888720392,168.03064050480242
1500.0,tag-0007,303.04889186295577,223.5512446870458
1500.0,tag-0008,241.1322087118624,336.11375455267523
1500.0,tag-0009,345.17907739865797,302.9682598937547
1500.0,tag-0010,246.87996995641447,225.20246914891536
1500.0,tag-0011,299.7828388813139,281.9712658546394
1500.0,tag-0012,562.1566580071664,184.1644409546423
1500.0,tag-0013,318.741087004881,306.2893131297966
1500.0,tag-0014,719.0141652954509,293.23332080812355
1500.0,tag-0015,481.93564422135756,303.2616746411893
1500.0,tag-0016,388.8860791737054,223.21981906915846
1500.0,tag-0017,282.09840288326825,188.05790489023772
1500.0,tag-0018,327.90766016319907,122.53626592165016
1500.0,tag-0019,359.92922307384435,262.7096202433939
1500.0,tag-0020,303.3445566385369,185.6893240249339
1530.0,tag-0001,351.3716611243427,123.96917563694579
1530.0,tag-0002,386.19843824051014,475.64127267071694
1530.0,tag-0003,361.06412094846377,193.68675087097805
1530.0,tag-0004,447.9515353301851,199.42036477299072
1530.0,tag-0005,372.15673235617965,272.2079460498507
1530.0,tag-0006,636.8884162070974,186.62069891739952
1530.0,tag-0007,303.23925926495707,220.36851671601718
1530.0,tag-0008,242.83483119379306,337.1691379694691
1530.0,tag-0009,346.4202009786475,307.76710602883367
1530.0,tag-0010,247.05326013572224,228.09175556156228
1530.0,tag-0011,299.7828382718056,281.97126644472115
1530.0,tag-0012,577.7600934974955,202.08517101879642
1530.0,tag-0013,321.6187516128983,308.3017517216356
1530.0,tag-0014,719.5227878244189,296.0895215020677
1530.0,tag-0015,506.4588397560728,305.43152824889097
1530.0,tag-0016,392.72482572683697,225.59507054887
1530.0,tag-0017,278.4254830183597,188.84859746118073
1530.0,tag-0018,331.7492728986639,122.30928440671937
1530.0,tag-0019,367.96424016633654,285.6882332094268
1530.0,tag-0020,306.68621076738253,186.95038706468569
1560.0,tag-0001,354.12151176958764,122.6840338754903
1560.0,tag-0002,409.99532551229186,479.64640343464924
1560.0,tag-0003,361.64814094437236,189.6906456909211
1560.0,tag-0004,450.8953038709987,199.34831808928982
1560.0,tag-0005,372.73737689554974,267.772688851402
1560.0,tag-0006,649.896085002453,205.96256433623128
1560.0,tag-0007,304.2797736340184,216.9923053650864
1560.0,tag-0008,240.30958051321394,335.69121759592707
1560.0,tag-0009,346.09225769253476,313.3118097720107
1560.0,tag-0010,246.83663618879658,231.7407834638878
1560.0,tag-0011,299.7828382574713,281.97126645859856
1560.0,tag-0012,593.832615960503,220.47725213231382
1560.0,tag-0013,323.8359115090019,311.2648454959644
1560.0,tag-0014,720.78626715343,299.74958738969366
1560.0,tag-0015,529.608021037298,307.5174974030157
1560.0,tag-0016,395.653804461239,226.14142369958276
1560.0,tag-0017,275.07884739219014,190.00477109505616
1560.0,tag-0018,348.6365402013401,139.7041214641299
1560.0,tag-0019,375.58424498499886,308.2490313277826
1560.0,tag-0020,310.5174631738944,188.30483391218175
1590.0,tag-0001,356.97035502194143,120.5348472583705
1590.0,tag-0002,397.25991162596534,477.6496077127526
1590.0,tag-0003,360.8985868335903,185.945316388829
1590.0,tag-0004,454.819000599977,196.6431359477566
1590.0,tag-0005,373.16032564454287,264.57233910002765
1590.0,tag-0006,663.7205936765002,226.6860345179596
1590.0,tag-0007,306.83803857630204,213.11771777636034
1590.0,tag-0008,241.79444422393814,336.7743280890104
1590.0,tag-0009,346.19339166728014,317.95239457511155
1590.0,tag-0010,246.88525748692334,234.68999097933622
1590.0,tag-0011,299.78283825713424,281.9712664589249
1590.0,tag-0012,609.5996511823607,237.69685243697552
1590.0,tag-0013,327.01639849664434,314.1721051536181
1590.0,tag-0014,721.4430381328609,303.62878166137585
1590.0,tag-0015,548.7789258040491,293.26895875149546
1590.0,tag-0016,400.02267687805255,226.51774394604496
1590.0,tag-0017,271.8489268991741,190.89208994414815
1590.0,tag-0018,363.9633772894025,156.5896558379099
1590.0,tag-0019,381.69599384042994,331.7074288250823
1590.0,tag-0020,314.16789258128574,189.7775256566777
1620.0,tag-0001,358.3550046189039,118.53075461183835
1620.0,tag-0002,384.37310727553603,474.58582806184245
1620.0,tag-0003,359.320109340705,182.54577079413167
1620.0,tag-0004,458.29461578197595,194.66815254640153
1620.0,tag-0005,374.3450879068286,260.9953015028352
1620.0,tag-0006,677.216192768373,246.21603403858825
1620.0,tag-0007,309.02033996995493,210.0622901352033
1620.0,tag-0008,243.07703352927368,337.548283036163
1620.0,tag-0009,346.4342253895505,321.32446953306277
1620.0,tag-0010,243.65032315297475,231.18110243126438
1620.0,tag-0011,299.78283825712634,281.9712664589326
1620.0,tag-0012,625.7497830455108,255.69143469378946
1620.0,tag-0013,330.02934989542206,314.62901711714466
1620.0,tag-0014,721.276946093495,306.41238776438354
1620.0,tag-0015,567.3564770513238,280.45812520112395
1620.0,tag-0016,404.47890380070464,228.09956996214464
1620.0,tag-0017,271.7729664498842,190.91295768333435
1620.0,tag-0018,381.10146582454564,174.61701401030524
1620.0,tag-0019,386.7788479717933,355.7116481959332
1620.0,tag-0020,318.578919340561,190.54465101461295
1650.0,tag-0001,359.941331935368,116.94704994694263
1650.0,tag-0002,408.3342770263069,481.0490685178591
1650.0,tag-0003,358.1896270244714,178.50071520782885
1650.0,tag-0004,460.29961722698664,192.65962467493586
1650.0,tag-0005,375.3700387786821,258.9580913028809
1650.0,tag-0006,689.8534179176206,267.082159781
1650.0,tag-0007,311.0997608521124,206.5664351706595
1650.0,tag-0008,241.52034602287668,333.97704414198023
1650.0,tag-0009,347.0768966526327,325.0167537022538
1650.0,tag-0010,242.0737775651299,230.70801259065928
1650.0,tag-0011,299.7828382571262,281.97126645893275
1650.0,tag-0012,643.4546329266524,273.6277706207286
1650.0,tag-0013,334.20820467989375,316.6017861957191
1650.0,tag-0014,721.2115482044954,310.2479009944433
1650.0,tag-0015,586.2497762143641,265.53282624830064
1650.0,tag-0016,407.08984501493387,230.3343047285453
1650.0,tag-0017,271.77118003134274,190.9134484455211
1650.0,tag-0018,397.0008984496184,190.78609159586316
1650.0,tag-0019,398.42803729195305,334.5979665395002
1650.0,tag-0020,322.12507665887927,192.9984555189702
1680.0,tag-0001,362.5734156961796,115.92884379603778
1680.0,tag-0002,395.1461127756324,478.2357895835939
1680.0,tag-0003,358.1826756660507,176.84338446282942
1680.0,tag-0004,464.57540462657164,190.58672443180126
1680.0,tag-0005,375.9268664654538,255.87620338979806
1680.0,tag-0006,666.5705190778713,276.00589964720666
1680.0,tag-0007,312.79248153142686,203.51132356064232
1680.0,tag-0008,243.50059206488154,335.45348412591466
1680.0,tag-0009,346.85918333895245,328.29139322517904
1680.0,tag-0010,244.22025500777522,232.78485753786367
1680.0,tag-0011,299.7828382571262,281.97126645893275
1680.0,tag-0012,660.3065497155437,290.6559744105334
1680.0,tag-0013,337.1442935125403,317.96499778212836
1680.0,tag-0014,718.9798536856966,314.797176315138
1680.0,tag-0015,605.0333628864161,251.81037840073844
1680.0,tag-0016,410.24711864890895,231.36153192364202
1680.0,tag-0017,271.77113801880546,190.9134599871415
1680.0,tag-0018,413.2741436087336,208.496316082922
1680.0,tag-0019,385.4850159589155,354.5300601401897
1680.0,tag-0020,325.5166962183366,195.14705276378282
1710.0,tag-0001,365.8376610484488,115.25797067447272
1710.0,tag-0002,418.4902470598704,482.94637288325885
1710.0,tag-0003,357.5650360258358,172.541521295861
1710.0,tag-0004,466.93049494265017,189.1622321934644
1710.0,tag-0005,376.25873780626256,251.73730124225776
1710.0,tag-0006,643.4392487128579,283.72074489712423
1710.0,tag-0007,314.7301185276982,201.39188612549586
1710.0,tag-0008,240.16512369866908,335.40321322143814
1710.0,tag-0009,346.37819730421177,332.0228220089327
1710.0,tag-0010,240.2652958848857,230.85323061226146
1710.0,tag-0011,299.7828382571262,281.97126645893275
1710.0,tag-0012,677.311687982813,306.4908755263669
1710.0,tag-0013,340.82519999525283,318.4267263752386
1710.0,tag-0014,719.30950388858,319.61327175019716
1710.0,tag-0015,584.5589563455758,266.156778184673
1710.0,tag-0016,414.49973589803466,230.75884714825665
1710.0,tag-0017,271.77113703076526,190.9134602585744
1710.0,tag-0018,429.6186513875147,226.04462671245903
1710.0,tag-0019,407.07032198718747,347.4872869864084
1710.0,tag-0020,329.10051911418753,195.90559244564494
1740.0,tag-0001,369.8539133702728,92.47702481182336
1740.0,tag-0002,405.397171349322,479.8405609664228
1740.0,tag-0003,357.0081296780698,168.37922102245992
1740.0,tag-0004,470.05590011449425,188.4101435602765
1740.0,tag-0005,377.9105388644555,255.79761219677883
1740.0,tag-0006,621.2399147432355,291.14192725474277
1740.0,tag-0007,337.18114335352715,207.49568905835756
1740.0,tag-0008,241.76013325631635,336.7077777573509
1740.0,tag-0009,346.35117678422574,336.20175706160387
1740.0,tag-0010,241.7329633214342,231.97849281683668
1740.0,tag-0011,299.7828382571262,281.97126645893275
1740.0,tag-0012,696.4128724842742,322.2248162984571
1740.0,tag-0013,343.51880118007506,320.1997463124697
1740.0,tag-0014,731.0045543930453,339.9210588494055
1740.0,tag-0015,605.3599758472975,251.82297312717054
1740.0,tag-0016,418.99933093451875,231.73178976855232
1740.0,tag-0017,271.7711370075288,190.91346026495788
1740.0,tag-0018,444.99152961132563,243.96060130857543
1740.0,tag-0019,384.64540002663307,354.20404539668345
1740.0,tag-0020,330.969013139574,197.2783941976891
1770.0,tag-0001,374.5033652470889,69.13001844338602
1770.0,tag-0002,401.449238180403,482.18775191375016
1770.0,tag-0003,357.95436274490197,164.78912353015306
1770.0,tag-0004,473.7221456486287,186.85323012625426
1770.0,tag-0005,378.86942097871827,259.88909273652246
1770.0,tag-0006,601.0224813334349,299.68255151365963
1770.0,tag-0007,360.46069707883925,213.53718277117127
1770.0,tag-0008,243.61775753486702,337.3688752733684
1770.0,tag-0009,347.67823016766425,338.987981095156
1770.0,tag-0010,243.8677714482704,233.01463379641774
1770.0,tag-0011,299.7828382571262,281.97126645893275
1770.0,tag-0012,714.9083123861567,338.4261667098149
1770.0,tag-0013,347.8894826323575,320.1673336468688
1770.0,tag-0014,744.2153400598278,359.73689735763065
1770.0,tag-0015,585.6916670213593,265.70591955207715
1770.0,tag-0016,421.80014299609735,232.37771288319541
1770.0,tag-0017,271.7711370069823,190.913460265108
1770.0,tag-0018,463.19129302626254,259.3136499513499
1770.0,tag-0019,409.17525826164575,349.92001821863107
1770.0,tag-0020,335.01335979600793,198.58916541881183
