status,battery_model,regulator_model,battery_input_voltage_v_assumed,battery_esr_ohm_assumed,rail_cap_f_assumed,vbat_min_v,vrail_min_v,cell_peak_current_a,vbat_tx_end_v,vrail_tx_end_v,minimum_functional_rail_v_assumed,below_assumed_threshold,ngspice_return_code,deck,log
SIMULATED,Tadiran TLL-5902,TPS62840 candidate,3.6,0.1,2.2e-05,3.595108,3.290939,0.04892467,3.599954,3.29992,2.7,False,0,,
SIMULATED,Tadiran TLL-5902,TPS62840 candidate,3.6,0.1,4.7e-05,3.595108,3.290939,0.04892467,3.599954,3.299829,2.7,False,0,,
SIMULATED,Tadiran TLL-5902,TPS62840 candidate,3.6,0.1,0.0001,3.595108,3.290939,0.04892467,3.599954,3.299637,2.7,False,0,,
SIMULATED,Tadiran TLL-5902,TPS62840 candidate,3.6,0.25,2.2e-05,3.587744,3.290939,0.04902508,3.599712,3.29992,2.7,False,0,,
SIMULATED,Tadiran TLL-5902,TPS62840 candidate,3.6,0.25,4.7e-05,3.587744,3.290939,0.04902508,3.599712,3.299829,2.7,False,0,,
SIMULATED,Tadiran TLL-5902,TPS62840 candidate,3.6,0.25,0.0001,3.587744,3.290939,0.04902508,3.599712,3.299637,2.7,False,0,,
SIMULATED,Tadiran TLL-5902,TPS62840 candidate,3.6,0.5,2.2e-05,3.575403,3.290939,0.0491943,3.59885,3.29992,2.7,False,0,,
SIMULATED,Tadiran TLL-5902,TPS62840 candidate,3.6,0.5,4.7e-05,3.575403,3.290939,0.0491943,3.59885,3.299829,2.7,False,0,,
SIMULATED,Tadiran TLL-5902,TPS62840 candidate,3.6,0.5,0.0001,3.575403,3.290939,0.0491943,3.59885,3.299637,2.7,False,0,,
SIMULATED,Tadiran TLL-5902,TPS62840 candidate,3.6,1.0,2.2e-05,3.55046,3.290939,0.0495399,3.595387,3.29992,2.7,False,0,,
SIMULATED,Tadiran TLL-5902,TPS62840 candidate,3.6,1.0,4.7e-05,3.55046,3.290939,0.0495399,3.595387,3.299829,2.7,False,0,,
SIMULATED,Tadiran TLL-5902,TPS62840 candidate,3.6,1.0,0.0001,3.55046,3.290939,0.0495399,3.595387,3.299637,2.7,False,0,,
SIMULATED,Tadiran TLL-5902,TPS62840 candidate,3.6,2.0,2.2e-05,3.499477,3.290939,0.05026164,3.581455,3.29992,2.7,False,0,,
SIMULATED,Tadiran TLL-5902,TPS62840 candidate,3.6,2.0,4.7e-05,3.499477,3.290939,0.05026164,3.581455,3.299829,2.7,False,0,,
SIMULATED,Tadiran TLL-5902,TPS62840 candidate,3.6,2.0,0.0001,3.499477,3.290939,0.05026164,3.581455,3.299637,2.7,False,0,,
SIMULATED,Tadiran TLL-5902,TPS62840 candidate,3.4,0.1,2.2e-05,3.394819,3.285758,0.05181114,3.399951,3.299826,2.7,False,0,,
SIMULATED,Tadiran TLL-5902,TPS62840 candidate,3.4,0.1,4.7e-05,3.394819,3.285758,0.05181114,3.399951,3.299683,2.7,False,0,,
SIMULATED,Tadiran TLL-5902,TPS62840 candidate,3.4,0.1,0.0001,3.394819,3.285758,0.05181114,3.399951,3.299381,2.7,False,0,,
SIMULATED,Tadiran TLL-5902,TPS62840 candidate,3.4,0.25,2.2e-05,3.387017,3.277956,0.05193048,3.399695,3.299502,2.7,False,0,,
SIMULATED,Tadiran TLL-5902,TPS62840 candidate,3.4,0.25,4.7e-05,3.387017,3.277956,0.05193048,3.399695,3.299282,2.7,False,0,,
SIMULATED,Tadiran TLL-5902,TPS62840 candidate,3.4,0.25,0.0001,3.387017,3.277956,0.05193048,3.399695,3.298815,2.7,False,0,,
SIMULATED,Tadiran TLL-5902,TPS62840 candidate,3.4,0.5,2.2e-05,3.373934,3.264873,0.05213185,3.398782,3.298474,2.7,False,0,,
SIMULATED,Tadiran TLL-5902,TPS62840 candidate,3.4,0.5,4.7e-05,3.373934,3.264873,0.05213185,3.398782,3.298124,2.7,False,0,,
SIMULATED,Tadiran TLL-5902,TPS62840 candidate,3.4,0.5,0.0001,3.373934,3.264873,0.05213185,3.398782,3.297383,2.7,False,0,,
SIMULATED,Tadiran TLL-5902,TPS62840 candidate,3.4,1.0,2.2e-05,3.347456,3.238395,0.05254421,3.395114,3.294576,2.7,False,0,,
SIMULATED,Tadiran TLL-5902,TPS62840 candidate,3.4,1.0,4.7e-05,3.347456,3.238395,0.05254421,3.395114,3.293966,2.7,False,0,,
SIMULATED,Tadiran TLL-5902,TPS62840 candidate,3.4,1.0,0.0001,3.347456,3.238395,0.05254421,3.395114,3.29267,2.7,False,0,,
SIMULATED,Tadiran TLL-5902,TPS62840 candidate,3.4,2.0,2.2e-05,3.29318,3.184119,0.05341021,3.380327,3.279326,2.7,False,0,,
SIMULATED,Tadiran TLL-5902,TPS62840 candidate,3.4,2.0,4.7e-05,3.29318,3.184119,0.05341021,3.380327,3.278188,2.7,False,0,,
SIMULATED,Tadiran TLL-5902,TPS62840 candidate,3.4,2.0,0.0001,3.29318,3.184119,0.05341021,3.380327,3.275776,2.7,False,0,,
SIMULATED,Tadiran TLL-5902,TPS62840 candidate,3.3,0.1,2.2e-05,3.294661,3.1856,0.05338619,3.29995,3.199823,2.7,False,0,,
SIMULATED,Tadiran TLL-5902,TPS62840 candidate,3.3,0.1,4.7e-05,3.294661,3.1856,0.05338619,3.29995,3.199679,2.7,False,0,,
SIMULATED,Tadiran TLL-5902,TPS62840 candidate,3.3,0.1,0.0001,3.294661,3.1856,0.05338619,3.29995,3.199374,2.7,False,0,,
SIMULATED,Tadiran TLL-5902,TPS62840 candidate,3.3,0.25,2.2e-05,3.286621,3.17756,0.0535168,3.299686,3.199489,2.7,False,0,,
SIMULATED,Tadiran TLL-5902,TPS62840 candidate,3.3,0.25,4.7e-05,3.286621,3.17756,0.0535168,3.299686,3.199265,2.7,False,0,,
SIMULATED,Tadiran TLL-5902,TPS62840 candidate,3.3,0.25,0.0001,3.286621,3.17756,0.0535168,3.299686,3.19879,2.7,False,0,,
SIMULATED,Tadiran TLL-5902,TPS62840 candidate,3.3,0.5,2.2e-05,3.273131,3.16407,0.05373736,3.298745,3.19843,2.7,False,0,,
SIMULATED,Tadiran TLL-5902,TPS62840 candidate,3.3,0.5,4.7e-05,3.273131,3.16407,0.05373736,3.298745,3.198073,2.7,False,0,,
SIMULATED,Tadiran TLL-5902,TPS62840 candidate,3.3,0.5,0.0001,3.273131,3.16407,0.05373736,3.298745,3.197314,2.7,False,0,,
SIMULATED,Tadiran TLL-5902,TPS62840 candidate,3.3,1.0,2.2e-05,3.24581,3.136749,0.05418968,3.294964,3.194413,2.7,False,0,,
SIMULATED,Tadiran TLL-5902,TPS62840 candidate,3.3,1.0,4.7e-05,3.24581,3.136749,0.05418968,3.294964,3.193786,2.7,False,0,,
SIMULATED,Tadiran TLL-5902,TPS62840 candidate,3.3,1.0,0.0001,3.24581,3.136749,0.05418968,3.294964,3.192457,2.7,False,0,,
SIMULATED,Tadiran TLL-5902,TPS62840 candidate,3.3,2.0,2.2e-05,3.189715,3.080654,0.05514268,3.279708,3.178678,2.7,False,0,,
SIMULATED,Tadiran TLL-5902,TPS62840 candidate,3.3,2.0,4.7e-05,3.189715,3.080654,0.05514268,3.279708,3.177508,2.7,False,0,,
SIMULATED,Tadiran TLL-5902,TPS62840 candidate,3.3,2.0,0.0001,3.189715,3.080654,0.05514268,3.279708,3.175025,2.7,False,0,,
SIMULATED,Tadiran TLL-5902,TPS62840 candidate,3.2,0.1,2.2e-05,3.194494,3.085433,0.05506018,3.199948,3.09982,2.7,False,0,,
SIMULATED,Tadiran TLL-5902,TPS62840 candidate,3.2,0.1,4.7e-05,3.194494,3.085433,0.05506018,3.199948,3.099674,2.7,False,0,,
SIMULATED,Tadiran TLL-5902,TPS62840 candidate,3.2,0.1,0.0001,3.194494,3.085433,0.05506018,3.199948,3.099365,2.7,False,0,,
SIMULATED,Tadiran TLL-5902,TPS62840 candidate,3.2,0.25,2.2e-05,3.186199,3.077138,0.05520352,3.199676,3.099475,2.7,False,0,,
SIMULATED,Tadiran TLL-5902,TPS62840 candidate,3.2,0.25,4.7e-05,3.186199,3.077138,0.05520352,3.199676,3.099247,2.7,False,0,,
SIMULATED,Tadiran TLL-5902,TPS62840 candidate,3.2,0.25,0.0001,3.186199,3.077138,0.05520352,3.199676,3.098764,2.7,False,0,,
SIMULATED,Tadiran TLL-5902,TPS62840 candidate,3.2,0.5,2.2e-05,3.172277,3.063216,0.05544579,3.198706,3.098383,2.7,False,0,,
SIMULATED,Tadiran TLL-5902,TPS62840 candidate,3.2,0.5,4.7e-05,3.172277,3.063216,0.05544579,3.198706,3.098017,2.7,False,0,,
SIMULATED,Tadiran TLL-5902,TPS62840 candidate,3.2,0.5,0.0001,3.172277,3.063216,0.05544579,3.198706,3.097241,2.7,False,0,,
SIMULATED,Tadiran TLL-5902,TPS62840 candidate,3.2,1.0,2.2e-05,3.144057,3.034996,0.05594346,3.194805,3.094239,2.7,False,0,,
SIMULATED,Tadiran TLL-5902,TPS62840 candidate,3.2,1.0,4.7e-05,3.144057,3.034996,0.05594346,3.194805,3.093595,2.7,False,0,,
SIMULATED,Tadiran TLL-5902,TPS62840 candidate,3.2,1.0,0.0001,3.144057,3.034996,0.05594346,3.194805,3.09223,2.7,False,0,,
SIMULATED,Tadiran TLL-5902,TPS62840 candidate,3.2,2.0,2.2e-05,3.086008,2.976948,0.05699576,3.179049,3.077988,2.7,False,0,,
SIMULATED,Tadiran TLL-5902,TPS62840 candidate,3.2,2.0,4.7e-05,3.086008,2.976948,0.05699576,3.179049,3.076782,2.7,False,0,,
SIMULATED,Tadiran TLL-5902,TPS62840 candidate,3.2,2.0,0.0001,3.086008,2.976948,0.05699576,3.179049,3.074225,2.7,False,0,,
SIMULATED,Tadiran TLL-5902,TPS62840 candidate,3.0,0.1,2.2e-05,2.994126,2.885065,0.05874483,2.999945,2.899813,2.7,False,0,,
SIMULATED,Tadiran TLL-5902,TPS62840 candidate,3.0,0.1,4.7e-05,2.994126,2.885065,0.05874483,2.999945,2.899664,2.7,False,0,,
SIMULATED,Tadiran TLL-5902,TPS62840 candidate,3.0,0.1,0.0001,2.994126,2.885065,0.05874483,2.999945,2.899347,2.7,False,0,,
SIMULATED,Tadiran TLL-5902,TPS62840 candidate,3.0,0.25,2.2e-05,2.98527,2.876209,0.05891909,2.999655,2.899446,2.7,False,0,,
SIMULATED,Tadiran TLL-5902,TPS62840 candidate,3.0,0.25,4.7e-05,2.98527,2.876209,0.05891909,2.999655,2.899208,2.7,False,0,,
SIMULATED,Tadiran TLL-5902,TPS62840 candidate,3.0,0.25,0.0001,2.98527,2.876209,0.05891909,2.999655,2.898705,2.7,False,0,,
SIMULATED,Tadiran TLL-5902,TPS62840 candidate,3.0,0.5,2.2e-05,2.970393,2.861332,0.05921419,2.998619,2.898281,2.7,False,0,,
SIMULATED,Tadiran TLL-5902,TPS62840 candidate,3.0,0.5,4.7e-05,2.970393,2.861332,0.05921419,2.998619,2.897896,2.7,False,0,,
SIMULATED,Tadiran TLL-5902,TPS62840 candidate,3.0,0.5,0.0001,2.970393,2.861332,0.05921419,2.998619,2.897081,2.7,False,0,,
SIMULATED,Tadiran TLL-5902,TPS62840 candidate,3.0,1.0,2.2e-05,2.940177,2.831116,0.05982272,2.994455,2.893856,2.7,False,0,,
SIMULATED,Tadiran TLL-5902,TPS62840 candidate,3.0,1.0,4.7e-05,2.940177,2.831116,0.05982272,2.994455,2.893175,2.7,False,0,,
SIMULATED,Tadiran TLL-5902,TPS62840 candidate,3.0,1.0,0.0001,2.940177,2.831116,0.05982272,2.994455,2.89173,2.7,False,0,,
SIMULATED,Tadiran TLL-5902,TPS62840 candidate,3.0,2.0,2.2e-05,2.877759,2.768699,0.06112026,2.977589,2.87646,2.7,False,0,,
SIMULATED,Tadiran TLL-5902,TPS62840 candidate,3.0,2.0,4.7e-05,2.877759,2.768699,0.06112026,2.977589,2.875176,2.7,False,0,,
SIMULATED,Tadiran TLL-5902,TPS62840 candidate,3.0,2.0,0.0001,2.877759,2.768699,0.06112026,2.977589,2.872453,2.7,False,0,,
SIMULATED,Tadiran TLL-5902,TPS62840 candidate,2.9,0.1,2.2e-05,2.893922,2.784861,0.0607789,2.899943,2.799809,2.7,False,0,,
SIMULATED,Tadiran TLL-5902,TPS62840 candidate,2.9,0.1,4.7e-05,2.893922,2.784861,0.0607789,2.899943,2.799658,2.7,False,0,,
SIMULATED,Tadiran TLL-5902,TPS62840 candidate,2.9,0.1,0.0001,2.893922,2.784861,0.0607789,2.899943,2.799337,2.7,False,0,,
SIMULATED,Tadiran TLL-5902,TPS62840 candidate,2.9,0.25,2.2e-05,2.884757,2.775696,0.060972,2.899643,2.799429,2.7,False,0,,
SIMULATED,Tadiran TLL-5902,TPS62840 candidate,2.9,0.25,4.7e-05,2.884757,2.775696,0.060972,2.899643,2.799187,2.7,False,0,,
SIMULATED,Tadiran TLL-5902,TPS62840 candidate,2.9,0.25,0.0001,2.884757,2.775696,0.060972,2.899643,2.798673,2.7,False,0,,
SIMULATED,Tadiran TLL-5902,TPS62840 candidate,2.9,0.5,2.2e-05,2.86935,2.760289,0.06129938,2.898571,2.798224,2.7,False,0,,
SIMULATED,Tadiran TLL-5902,TPS62840 candidate,2.9,0.5,4.7e-05,2.86935,2.760289,0.06129938,2.898571,2.797829,2.7,False,0,,
SIMULATED,Tadiran TLL-5902,TPS62840 candidate,2.9,0.5,0.0001,2.86935,2.760289,0.06129938,2.898571,2.796993,2.7,False,0,,
SIMULATED,Tadiran TLL-5902,TPS62840 candidate,2.9,1.0,2.2e-05,2.838024,2.728963,0.06197601,2.894261,2.793644,2.7,False,0,,
SIMULATED,Tadiran TLL-5902,TPS62840 candidate,2.9,1.0,4.7e-05,2.838024,2.728963,0.06197601,2.894261,2.792943,2.7,False,0,,
SIMULATED,Tadiran TLL-5902,TPS62840 candidate,2.9,1.0,0.0001,2.838024,2.728963,0.06197601,2.894261,2.791454,2.7,False,0,,
SIMULATED,Tadiran TLL-5902,TPS62840 candidate,2.9,2.0,2.2e-05,2.773148,2.664087,0.06342589,2.876778,2.775611,2.7,True,0,,
SIMULATED,Tadiran TLL-5902,TPS62840 candidate,2.9,2.0,4.7e-05,2.773148,2.664087,0.06342589,2.876778,2.774284,2.7,True,0,,
SIMULATED,Tadiran TLL-5902,TPS62840 candidate,2.9,2.0,0.0001,2.773148,2.664087,0.06342589,2.876778,2.771468,2.7,True,0,,
SIMULATED,Tadiran TLL-5902,TPS62840 candidate,2.8,0.1,2.2e-05,2.793704,2.684643,0.06295921,2.799941,2.699805,2.7,True,0,,
SIMULATED,Tadiran TLL-5902,TPS62840 candidate,2.8,0.1,4.7e-05,2.793704,2.684643,0.06295921,2.799941,2.699652,2.7,True,0,,
SIMULATED,Tadiran TLL-5902,TPS62840 candidate,2.8,0.1,0.0001,2.793704,2.684643,0.06295921,2.799941,2.699327,2.7,True,0,,
SIMULATED,Tadiran TLL-5902,TPS62840 candidate,2.8,0.25,2.2e-05,2.784207,2.675146,0.06317397,2.79963,2.699412,2.7,True,0,,
SIMULATED,Tadiran TLL-5902,TPS62840 candidate,2.8,0.25,4.7e-05,2.784207,2.675146,0.06317397,2.79963,2.699164,2.7,True,0,,
SIMULATED,Tadiran TLL-5902,TPS62840 candidate,2.8,0.25,0.0001,2.784207,2.675146,0.06317397,2.79963,2.698639,2.7,True,0,,
SIMULATED,Tadiran TLL-5902,TPS62840 candidate,2.8,0.5,2.2e-05,2.768231,2.65917,0.06353856,2.79852,2.698163,2.7,True,0,,
SIMULATED,Tadiran TLL-5902,TPS62840 candidate,2.8,0.5,4.7e-05,2.768231,2.65917,0.06353856,2.79852,2.697758,2.7,True,0,,
SIMULATED,Tadiran TLL-5902,TPS62840 candidate,2.8,0.5,0.0001,2.768231,2.65917,0.06353856,2.79852,2.696898,2.7,True,0,,
SIMULATED,Tadiran TLL-5902,TPS62840 candidate,2.8,1.0,2.2e-05,2.735706,2.626645,0.06429396,2.794054,2.693417,2.7,True,0,,
SIMULATED,Tadiran TLL-5902,TPS62840 candidate,2.8,1.0,4.7e-05,2.735706,2.626645,0.06429396,2.794054,2.692693,2.7,True,0,,
SIMULATED,Tadiran TLL-5902,TPS62840 candidate,2.8,1.0,0.0001,2.735706,2.626645,0.06429396,2.794054,2.691158,2.7,True,0,,
SIMULATED,Tadiran TLL-5902,TPS62840 candidate,2.8,2.0,2.2e-05,2.668157,2.559096,0.06592169,2.775904,2.674696,2.7,True,0,,
SIMULATED,Tadiran TLL-5902,TPS62840 candidate,2.8,2.0,4.7e-05,2.668157,2.559096,0.06592169,2.775904,2.673322,2.7,True,0,,
SIMULATED,Tadiran TLL-5902,TPS62840 candidate,2.8,2.0,0.0001,2.668157,2.559096,0.06592169,2.775904,2.670407,2.7,True,0,,
SIMULATED,Tadiran TLL-5902,TPS62840 candidate,2.7,0.1,2.2e-05,2.69347,2.584409,0.06530216,2.699939,2.599801,2.7,True,0,,
SIMULATED,Tadiran TLL-5902,TPS62840 candidate,2.7,0.1,4.7e-05,2.69347,2.584409,0.06530216,2.699939,2.599645,2.7,True,0,,
SIMULATED,Tadiran TLL-5902,TPS62840 candidate,2.7,0.1,0.0001,2.69347,2.584409,0.06530216,2.699939,2.599315,2.7,True,0,,
SIMULATED,Tadiran TLL-5902,TPS62840 candidate,2.7,0.25,2.2e-05,2.683615,2.574554,0.06554197,2.699616,2.599393,2.7,True,0,,
SIMULATED,Tadiran TLL-5902,TPS62840 candidate,2.7,0.25,4.7e-05,2.683615,2.574554,0.06554197,2.699616,2.599139,2.7,True,0,,
SIMULATED,Tadiran TLL-5902,TPS62840 candidate,2.7,0.25,0.0001,2.683615,2.574554,0.06554197,2.699616,2.598602,2.7,True,0,,
SIMULATED,Tadiran TLL-5902,TPS62840 candidate,2.7,0.5,2.2e-05,2.667025,2.557964,0.06594965,2.698465,2.598098,2.7,True,0,,
SIMULATED,Tadiran TLL-5902,TPS62840 candidate,2.7,0.5,4.7e-05,2.667025,2.557964,0.06594965,2.698465,2.597681,2.7,True,0,,
SIMULATED,Tadiran TLL-5902,TPS62840 candidate,2.7,0.5,0.0001,2.667025,2.557964,0.06594965,2.698465,2.596796,2.7,True,0,,
SIMULATED,Tadiran TLL-5902,TPS62840 candidate,2.7,1.0,2.2e-05,2.633203,2.524142,0.06679674,2.69383,2.593173,2.7,True,0,,
SIMULATED,Tadiran TLL-5902,TPS62840 candidate,2.7,1.0,4.7e-05,2.633203,2.524142,0.06679674,2.69383,2.592425,2.7,True,0,,
SIMULATED,Tadiran TLL-5902,TPS62840 candidate,2.7,1.0,0.0001,2.633203,2.524142,0.06679674,2.69383,2.590839,2.7,True,0,,
SIMULATED,Tadiran TLL-5902,TPS62840 candidate,2.7,2.0,2.2e-05,2.562733,2.453672,0.06863352,2.67496,2.573707,2.7,True,0,,
SIMULATED,Tadiran TLL-5902,TPS62840 candidate,2.7,2.0,4.7e-05,2.562733,2.453672,0.06863352,2.67496,2.572283,2.7,True,0,,
SIMULATED,Tadiran TLL-5902,TPS62840 candidate,2.7,2.0,0.0001,2.562733,2.453672,0.06863352,2.67496,2.56926,2.7,True,0,,
SIMULATED,Tadiran TLL-5902,TPS62840 candidate,2.4,0.1,2.2e-05,2.392649,2.283588,0.07351241,2.399931,2.299786,2.7,True,0,,
SIMULATED,Tadiran TLL-5902,TPS62840 candidate,2.4,0.1,4.7e-05,2.392649,2.283588,0.07351241,2.399931,2.299622,2.7,True,0,,
SIMULATED,Tadiran TLL-5902,TPS62840 candidate,2.4,0.1,0.0001,2.392649,2.283588,0.07351241,2.399931,2.299275,2.7,True,0,,
SIMULATED,Tadiran TLL-5902,TPS62840 candidate,2.4,0.25,2.2e-05,2.381536,2.272475,0.07385543,2.399568,2.299327,2.7,True,0,,
SIMULATED,Tadiran TLL-5902,TPS62840 candidate,2.4,0.25,4.7e-05,2.381536,2.272475,0.07385543,2.399568,2.299053,2.7,True,0,,
SIMULATED,Tadiran TLL-5902,TPS62840 candidate,2.4,0.25,0.0001,2.381536,2.272475,0.07385543,2.399568,2.298472,2.7,True,0,,
SIMULATED,Tadiran TLL-5902,TPS62840 candidate,2.4,0.5,2.2e-05,2.362779,2.253718,0.07444173,2.398272,2.297869,2.7,True,0,,
SIMULATED,Tadiran TLL-5902,TPS62840 candidate,2.4,0.5,4.7e-05,2.362779,2.253718,0.07444173,2.398272,2.297411,2.7,True,0,,
SIMULATED,Tadiran TLL-5902,TPS62840 candidate,2.4,0.5,0.0001,2.362779,2.253718,0.07444173,2.398272,2.296439,2.7,True,0,,
SIMULATED,Tadiran TLL-5902,TPS62840 candidate,2.4,1.0,2.2e-05,2.324327,2.215266,0.07567325,2.393045,2.292315,2.7,True,0,,
SIMULATED,Tadiran TLL-5902,TPS62840 candidate,2.4,1.0,4.7e-05,2.324327,2.215266,0.07567325,2.393045,2.291483,2.7,True,0,,
SIMULATED,Tadiran TLL-5902,TPS62840 candidate,2.4,1.0,0.0001,2.324327,2.215266,0.07567325,2.393045,2.289718,2.7,True,0,,
SIMULATED,Tadiran TLL-5902,TPS62840 candidate,2.4,2.0,2.2e-05,2.243178,2.134117,0.07841077,2.371602,2.270193,2.7,True,0,,
SIMULATED,Tadiran TLL-5902,TPS62840 candidate,2.4,2.0,4.7e-05,2.243178,2.134117,0.07841077,2.371602,2.268589,2.7,True,0,,
SIMULATED,Tadiran TLL-5902,TPS62840 candidate,2.4,2.0,0.0001,2.243178,2.134117,0.07841077,2.371602,2.265182,2.7,True,0,,
SIMULATED,Tadiran TLL-5902,TPS62840 candidate,2.0,0.1,2.2e-05,1.991167,1.882106,0.08833482,1.999917,1.899759,2.7,True,0,,
SIMULATED,Tadiran TLL-5902,TPS62840 candidate,2.0,0.1,4.7e-05,1.991167,1.882106,0.08833482,1.999917,1.899581,2.7,True,0,,
SIMULATED,Tadiran TLL-5902,TPS62840 candidate,2.0,0.1,0.0001,1.991167,1.882106,0.08833482,1.999917,1.899202,2.7,True,0,,
SIMULATED,Tadiran TLL-5902,TPS62840 candidate,2.0,0.25,2.2e-05,1.977767,1.868706,0.08893331,1.999482,1.899208,2.7,True,0,,
SIMULATED,Tadiran TLL-5902,TPS62840 candidate,2.0,0.25,4.7e-05,1.977767,1.868706,0.08893331,1.999482,1.898898,2.7,True,0,,
SIMULATED,Tadiran TLL-5902,TPS62840 candidate,2.0,0.25,0.0001,1.977767,1.868706,0.08893331,1.999482,1.898238,2.7,True,0,,
SIMULATED,Tadiran TLL-5902,TPS62840 candidate,2.0,0.5,2.2e-05,1.955016,1.845955,0.08996824,1.997925,1.897456,2.7,True,0,,
SIMULATED,Tadiran TLL-5902,TPS62840 candidate,2.0,0.5,4.7e-05,1.955016,1.845955,0.08996824,1.997925,1.896924,2.7,True,0,,
SIMULATED,Tadiran TLL-5902,TPS62840 candidate,2.0,0.5,0.0001,1.955016,1.845955,0.08996824,1.997925,1.895795,2.7,True,0,,
SIMULATED,Tadiran TLL-5902,TPS62840 candidate,2.0,1.0,2.2e-05,1.907805,1.798744,0.09219459,1.99162,1.890755,2.7,True,0,,
SIMULATED,Tadiran TLL-5902,TPS62840 candidate,2.0,1.0,4.7e-05,1.907805,1.798744,0.09219459,1.99162,1.889772,2.7,True,0,,
SIMULATED,Tadiran TLL-5902,TPS62840 candidate,2.0,1.0,0.0001,1.907805,1.798744,0.09219459,1.99162,1.887681,2.7,True,0,,
SIMULATED,Tadiran TLL-5902,TPS62840 candidate,2.0,2.0,2.2e-05,1.805122,1.696061,0.09743903,1.965308,1.863604,2.7,True,0,,
SIMULATED,Tadiran TLL-5902,TPS62840 candidate,2.0,2.0,4.7e-05,1.805122,1.696061,0.09743903,1.965308,1.861663,2.7,True,0,,
SIMULATED,Tadiran TLL-5902,TPS62840 candidate,2.0,2.0,0.0001,1.805122,1.696061,0.09743903,1.965308,1.85753,2.7,True,0,,
